{
  "svgViewBox": {
    "x": 0,
    "y": 0,
    "width": 200,
    "height": 200
  },
  "svgBounds": {
    "x": 100,
    "y": 302.04998779296875,
    "width": 747.6900024414062,
    "height": 525.1300048828125
  },
  "svgPath": "M 463.08 827.18 Q 340.00 827.18 259.49 788.72 Q 178.97 750.26 139.49 683.59 Q 100.00 616.92 100.00 534.87 Q 100.00 461.03 125.64 408.72 Q 151.28 356.41 194.87 329.23 Q 238.46 302.05 293.85 302.05 Q 355.38 302.05 392.31 336.92 Q 429.23 371.79 429.23 432.31 Q 429.23 494.87 390.26 534.36 Q 351.28 573.85 270.26 573.85 Q 244.62 573.85 222.56 567.18 Q 200.51 560.51 181.03 551.28 Q 185.13 601.54 214.87 646.15 Q 244.62 690.77 305.13 718.46 Q 365.64 746.15 463.08 746.15 Q 614.87 746.15 688.72 692.31 Q 762.56 638.46 762.56 522.56 Q 762.56 484.62 751.28 452.31 Q 740.00 420.00 716.92 399.49 Q 693.85 378.97 657.95 378.97 Q 634.36 378.97 614.36 394.87 Q 594.36 410.77 594.36 445.64 Q 594.36 485.64 621.03 511.79 Q 647.69 537.95 690.77 552.31 V 626.15 H 373.85 V 550.26 H 575.90 Q 513.33 511.28 513.33 431.28 Q 513.33 400.51 528.72 370.77 Q 544.10 341.03 577.44 321.54 Q 610.77 302.05 662.05 302.05 Q 715.38 302.05 756.92 330.77 Q 798.46 359.49 823.08 409.23 Q 847.69 458.97 847.69 523.59 Q 847.69 678.46 745.64 752.82 Q 643.59 827.18 463.08 827.18 Z M 288.72 374.87 Q 249.74 374.87 222.05 401.54 Q 194.36 428.21 185.13 477.44 Q 199.49 487.69 219.49 494.87 Q 239.49 502.05 265.13 502.05 Q 306.15 502.05 327.18 484.62 Q 348.21 467.18 348.21 436.41 Q 348.21 406.67 331.79 390.77 Q 315.38 374.87 288.72 374.87 Z",
  "centerlinePath": "M 208.94 527.12 L 253.87 532.11 L 307.26 528.38 L 358.10 505.22 L 384.42 451.45 L 381.06 392.69 L 344.57 351.46 L 279.30 339.54 L 214.02 359.55 M 203.85 365.22 L 172.53 403.35 L 152.11 446.46 L 143.67 500.23 L 141.95 560.26 L 153.01 609.62 L 172.53 652.78 L 206.40 697.16 L 253.87 734.65 L 310.70 761.54 L 368.27 777.77 L 440.35 787.17 L 512.43 785.90 L 576.88 777.77 L 635.35 762.17 L 686.19 739.01 L 734.49 709.03 L 770.98 664.65 L 795.58 615.87 L 809.11 560.26 L 811.65 508.37 L 799.76 453.34 L 779.43 410.86 L 750.64 371.47 L 708.25 345.79 L 649.78 337.08 M 638.71 338.97 L 595.49 360.18 L 560.73 403.98 L 554.82 453.34 L 570.90 497.71 L 601.40 534.63 L 636.99 569.60 L 665.85 585.25 M 652.32 585.25 L 590.41 586.51 L 541.21 588.35 L 484.46 588.35 L 433.54 588.98 L 392.05 590.24",
  "items": [
    {
      "type": "line",
      "x1": 376.5338181887789,
      "y1": 390.62994973571216,
      "x2": 363.30705544657565,
      "y2": 374.01461634812534,
      "angle": -2.243128751211592,
      "arrowType": "triangle",
      "id": "line_1765469089810"
    },
    {
      "type": "line",
      "x1": 424.40210239865746,
      "y1": 787.3210343643472,
      "x2": 459.67346971119963,
      "y2": 785.9364232487148,
      "angle": -0.03923580614113601,
      "arrowType": "triangle",
      "id": "line_1765469094246"
    },
    {
      "type": "line",
      "x1": 562.3383424244918,
      "y1": 427.3221442999662,
      "x2": 564.857725803959,
      "y2": 464.7066444220367,
      "angle": 1.503506948820468,
      "arrowType": "triangle",
      "id": "line_1765469098899"
    },
    {
      "type": "number",
      "x": 374.64428065417843,
      "y": 474.3989222314622,
      "strokeNumber": 1,
      "size": "medium",
      "id": "number_1765469106862"
    }
  ],
  "exportDate": "2025-12-11T16:05:11.527Z"
}
