{
  "svgViewBox": {
    "x": 0,
    "y": 0,
    "width": 200,
    "height": 200
  },
  "svgBounds": {
    "x": 100,
    "y": 412.29998779296875,
    "width": 598.3599853515625,
    "height": 419.66998291015625
  },
  "svgPath": "M 417.21 831.97 Q 304.10 831.97 234.43 801.23 Q 164.75 770.49 132.38 717.21 Q 100.00 663.93 100.00 598.36 Q 100.00 539.34 120.49 497.54 Q 140.98 455.74 175.82 434.02 Q 210.66 412.30 254.92 412.30 Q 304.10 412.30 333.61 440.16 Q 363.11 468.03 363.11 516.39 Q 363.11 566.39 331.97 597.95 Q 300.82 629.51 236.07 629.51 Q 215.57 629.51 197.95 624.18 Q 180.33 618.85 164.75 611.48 Q 167.21 651.64 191.39 687.30 Q 215.57 722.95 269.67 745.08 Q 323.77 767.21 417.21 767.21 Q 514.75 767.21 565.98 744.26 Q 617.21 721.31 617.21 681.97 Q 617.21 667.21 607.38 654.92 Q 586.89 663.93 565.98 667.62 Q 545.08 671.31 521.31 671.31 H 318.85 V 610.66 H 523.77 Q 490.16 597.54 468.85 572.54 Q 447.54 547.54 447.54 512.30 Q 447.54 464.75 482.79 438.52 Q 518.03 412.30 568.03 412.30 Q 613.93 412.30 642.62 428.69 Q 671.31 445.08 684.84 471.31 Q 698.36 497.54 698.36 527.05 Q 698.36 555.74 687.30 579.51 Q 676.23 603.28 658.20 621.31 Q 670.49 632.79 677.87 648.36 Q 685.25 663.93 685.25 683.61 Q 685.25 708.20 674.59 734.43 Q 663.93 760.66 635.66 782.79 Q 607.38 804.92 554.51 818.44 Q 501.64 831.97 417.21 831.97 Z M 250.82 470.49 Q 219.67 470.49 197.54 491.80 Q 175.41 513.11 168.03 552.46 Q 179.51 560.66 195.49 566.39 Q 211.48 572.13 231.97 572.13 Q 264.75 572.13 281.56 558.20 Q 298.36 544.26 298.36 519.67 Q 298.36 495.90 285.25 483.20 Q 272.13 470.49 250.82 470.49 Z M 599.18 588.52 Q 600.82 589.34 602.46 589.34 Q 614.75 578.69 622.54 563.93 Q 630.33 549.18 630.33 529.51 Q 630.33 505.74 615.98 488.52 Q 601.64 471.31 570.49 471.31 Q 543.44 471.31 528.28 483.61 Q 513.11 495.90 513.11 516.39 Q 513.11 544.26 538.52 560.66 Q 563.93 577.05 599.18 588.52 Z",
  "centerlinePath": "M 183.74 590.44 L 219.35 595.11 L 257.76 594.59 L 291.28 582.64 L 314.33 562.37 L 324.11 521.32 L 324.11 484.42 L 301.76 454.28 L 258.46 441.81 L 213.77 445.97 L 173.96 468.83 L 153.71 502.61 L 135.55 549.38 L 131.36 596.15 L 136.95 634.09 L 147.42 670.98 L 164.88 712.56 L 194.21 739.58 L 222.84 759.33 L 259.86 775.44 L 296.17 788.43 L 334.58 795.70 L 384.17 798.82 L 423.27 799.34 L 466.57 799.34 L 509.17 793.11 L 548.98 788.95 L 587.39 772.32 L 613.93 752.05 L 636.97 724.51 L 650.24 688.13 L 640.46 655.91 L 609.04 627.85 L 567.83 607.06 L 529.42 586.28 L 502.19 555.62 L 484.03 510.93 L 507.77 458.96 L 561.55 438.69 L 604.85 447.53 L 645.35 472.47 L 662.11 517.68 L 657.92 560.29 L 635.57 584.72 L 624.40 603.95 L 579.01 636.69 L 548.28 642.40 L 508.47 643.96 L 465.18 645.52 L 419.78 645.00 L 368.10 646.04 L 340.87 646.56",
  "items": [
    {
      "type": "line",
      "x1": 252.24886999868542,
      "y1": 441.8998100492689,
      "x2": 220.49360163279508,
      "y2": 448.54825433095294,
      "angle": 2.935208640240982,
      "arrowType": "triangle",
      "id": "line_1765469233185"
    },
    {
      "type": "line",
      "x1": 502.76265377404263,
      "y1": 795.3754310254698,
      "x2": 511.8355875928684,
      "y2": 794.2673569785225,
      "angle": -0.12152779246694621,
      "arrowType": "triangle",
      "id": "line_1765469237006"
    },
    {
      "type": "line",
      "x1": 560.7286198387632,
      "y1": 603.6786209035804,
      "x2": 543.5908559587588,
      "y2": 593.7059544810542,
      "angle": -2.6145795136515817,
      "arrowType": "triangle",
      "id": "line_1765469239886"
    },
    {
      "type": "line",
      "x1": 616.1743265093653,
      "y1": 452.4265134952687,
      "x2": 632.808038510546,
      "y2": 469.04762419947866,
      "angle": 0.7850192320021667,
      "arrowType": "triangle",
      "id": "line_1765469253168"
    },
    {
      "type": "line",
      "x1": 530.9895589881675,
      "y1": 644.123323617158,
      "x2": 514.8598988658104,
      "y2": 644.123323617158,
      "angle": 3.141592653589793,
      "arrowType": "triangle",
      "id": "line_1765469256402"
    },
    {
      "type": "number",
      "x": 322.3120811551737,
      "y": 486.2227719271625,
      "strokeNumber": 1,
      "size": "medium",
      "id": "number_1765469268204"
    }
  ],
  "exportDate": "2025-12-11T16:07:55.624Z"
}
