{
  "svgViewBox": {
    "x": 0,
    "y": 0,
    "width": 200,
    "height": 200
  },
  "svgBounds": {
    "x": 100,
    "y": 252.7100067138672,
    "width": 800,
    "height": 396.89996337890625
  },
  "svgPath": "M 374.42 649.61 Q 281.40 649.61 220.54 620.54 Q 159.69 591.47 129.84 541.09 Q 100.00 490.70 100.00 428.68 Q 100.00 372.87 119.38 333.33 Q 138.76 293.80 171.71 273.26 Q 204.65 252.71 246.51 252.71 Q 293.02 252.71 320.93 279.07 Q 348.84 305.43 348.84 351.16 Q 348.84 398.45 319.38 428.29 Q 289.92 458.14 228.68 458.14 Q 209.30 458.14 192.64 453.10 Q 175.97 448.06 161.24 441.09 Q 164.34 479.07 186.82 512.79 Q 209.30 546.51 255.04 567.44 Q 300.78 588.37 374.42 588.37 Q 489.15 588.37 544.96 547.67 Q 600.78 506.98 600.78 419.38 Q 600.78 390.70 592.25 366.28 Q 583.72 341.86 566.28 326.36 Q 548.84 310.85 521.71 310.85 Q 503.88 310.85 488.76 322.87 Q 473.64 334.88 473.64 361.24 Q 473.64 391.47 493.80 411.24 Q 513.95 431.01 546.51 441.86 V 497.67 H 306.98 V 440.31 H 459.69 Q 412.40 410.85 412.40 350.39 Q 412.40 327.13 424.03 304.65 Q 435.66 282.17 460.85 267.44 Q 486.05 252.71 524.81 252.71 Q 565.12 252.71 596.51 274.42 Q 627.91 296.12 646.51 333.72 Q 665.12 371.32 665.12 420.16 Q 665.12 537.21 587.98 593.41 Q 510.85 649.61 374.42 649.61 Z M 242.64 307.75 Q 213.18 307.75 192.25 327.91 Q 171.32 348.06 164.34 385.27 Q 175.19 393.02 190.31 398.45 Q 205.43 403.88 224.81 403.88 Q 255.81 403.88 271.71 390.70 Q 287.60 377.52 287.60 354.26 Q 287.60 331.78 275.19 319.77 Q 262.79 307.75 242.64 307.75 Z M 713.95 343.41 Q 713.95 304.65 739.53 278.68 Q 765.12 252.71 806.98 252.71 Q 848.84 252.71 874.42 278.68 Q 900.00 304.65 900.00 343.41 Q 900.00 381.40 875.19 406.98 Q 850.39 432.56 806.98 432.56 Q 764.34 432.56 739.15 406.98 Q 713.95 381.40 713.95 343.41 Z M 765.12 342.64 Q 765.12 359.69 775.58 371.71 Q 786.05 383.72 806.98 383.72 Q 827.91 383.72 838.37 371.71 Q 848.84 359.69 848.84 342.64 Q 848.84 324.81 837.98 313.18 Q 827.13 301.55 806.98 301.55 Q 787.60 301.55 776.36 313.18 Q 765.12 324.81 765.12 342.64 Z M 713.95 559.69 Q 713.95 520.93 739.53 495.35 Q 765.12 469.77 806.98 469.77 Q 848.84 469.77 874.42 495.35 Q 900.00 520.93 900.00 559.69 Q 900.00 598.45 875.19 624.03 Q 850.39 649.61 806.98 649.61 Q 764.34 649.61 739.15 623.64 Q 713.95 597.67 713.95 559.69 Z M 765.12 559.69 Q 765.12 576.74 775.58 588.76 Q 786.05 600.78 806.98 600.78 Q 827.91 600.78 838.37 588.76 Q 848.84 576.74 848.84 559.69 Q 848.84 541.86 837.98 530.23 Q 827.13 518.60 806.98 518.60 Q 787.60 518.60 776.36 530.23 Q 765.12 541.86 765.12 559.69 Z",
  "centerlinePath": "M 171.05 420.35 L 207.05 428.30 L 250.25 429.30 L 288.95 413.89 L 313.25 382.59 L 315.05 341.35 L 302.45 304.57 L 265.55 283.70 L 221.45 283.70 L 176.45 301.59 L 152.15 334.39 L 135.05 378.61 L 132.35 423.33 L 137.75 464.08 L 153.05 505.32 L 172.85 543.58 L 198.05 573.40 L 234.05 594.27 L 276.35 610.17 L 320.45 617.12 L 362.75 622.09 L 414.05 621.10 L 460.85 613.65 L 506.75 604.21 L 546.35 584.33 L 577.85 560.97 L 601.25 526.19 L 620.15 485.94 L 634.55 450.17 L 636.35 409.92 L 622.85 364.20 L 604.85 322.96 L 571.55 296.62 L 530.15 282.71 L 482.45 291.16 L 452.75 318.49 L 448.25 361.72 L 455.45 394.02 L 471.65 419.36 L 495.95 444.70 L 518.45 461.10 L 533.75 470.54 L 500.45 470.54 L 469.85 470.04 L 431.15 471.04 L 392.45 470.54 L 359.15 472.53 L 329.45 472.03 L 314.15 473.02M 805.55 276.75 L 840.65 284.70 L 866.75 307.06 L 877.55 345.32 L 864.05 381.10 L 828.05 403.46 L 779.45 401.97 L 747.95 377.62 L 738.05 332.40 L 757.85 300.10 L 792.05 279.23M 809.15 494.39 L 845.15 505.82 L 871.25 536.63 L 872.15 575.39 L 849.65 608.68 L 810.95 620.60 L 769.55 615.14 L 743.45 579.36 L 737.15 540.60 L 750.65 512.78 L 772.25 501.35 L 796.55 496.38",
  "items": [
    {
      "type": "line",
      "x1": 259.076741639289,
      "y1": 282.03961803295,
      "x2": 226.72900345379497,
      "y2": 287.9655439588759,
      "angle": 2.9604072549783518,
      "arrowType": "triangle",
      "id": "line_1765442126354"
    },
    {
      "type": "line",
      "x1": 508.42389015247244,
      "y1": 602.0396180329501,
      "x2": 542.7933619745598,
      "y2": 582.7803587736906,
      "angle": -0.5107619379599716,
      "arrowType": "triangle",
      "id": "line_1765442151071"
    },
    {
      "type": "line",
      "x1": 792.814421699941,
      "y1": 402.03961803295,
      "x2": 818.4230477634572,
      "y2": 397.59517358850553,
      "angle": -0.1718409622526215,
      "arrowType": "triangle",
      "id": "line_1765442173783"
    },
    {
      "type": "line",
      "x1": 773.270996546205,
      "y1": 616.8544328477649,
      "x2": 809.6622020048858,
      "y2": 613.8914698848018,
      "angle": -0.081240550033138,
      "arrowType": "triangle",
      "id": "line_1765442220504"
    },
    {
      "type": "number",
      "x": 312.9896386151125,
      "y": 342.7803587736907,
      "strokeNumber": 1,
      "size": "small",
      "id": "number_1765442325604"
    },
    {
      "type": "number",
      "x": 879.7489680734564,
      "y": 339.81739581072776,
      "strokeNumber": 2,
      "size": "small",
      "id": "number_1765442336639"
    },
    {
      "type": "number",
      "x": 877.7272344368629,
      "y": 567.2248032181352,
      "strokeNumber": 3,
      "size": "small",
      "id": "number_1765442344640"
    }
  ],
  "exportDate": "2025-12-11T08:39:09.120Z"
}
