{
  "svgViewBox": {
    "x": 0,
    "y": 0,
    "width": 200,
    "height": 200
  },
  "svgBounds": {
    "x": 96.72000122070312,
    "y": 480.3299865722656,
    "width": 536.8900146484375,
    "height": 419.6700134277344
  },
  "svgPath": "M 473.77 900.00 Q 429.51 900.00 398.36 881.97 Q 367.21 863.93 339.34 831.97 Q 317.21 862.30 290.57 881.15 Q 263.93 900.00 219.67 900.00 Q 176.23 900.00 150.00 881.97 Q 123.77 863.93 111.89 835.66 Q 100.00 807.38 100.00 777.05 Q 100.00 723.77 133.61 691.39 Q 167.21 659.02 215.57 659.02 Q 245.08 659.02 268.03 669.26 Q 290.98 679.51 313.11 701.23 Q 335.25 722.95 361.48 758.20 Q 384.43 787.70 401.23 804.51 Q 418.03 821.31 436.07 828.28 Q 454.10 835.25 477.87 835.25 Q 521.31 835.25 543.85 804.10 Q 566.39 772.95 566.39 703.28 Q 566.39 663.11 555.74 627.05 Q 545.08 590.98 522.13 568.03 Q 499.18 545.08 461.48 545.08 Q 422.13 545.08 400.41 569.67 Q 378.69 594.26 372.13 629.51 H 308.20 Q 293.44 541.80 222.95 541.80 Q 192.62 541.80 178.69 555.33 Q 164.75 568.85 164.75 590.98 Q 164.75 609.02 172.13 625.41 L 109.84 642.62 Q 104.10 629.51 100.41 614.75 Q 96.72 600.00 96.72 582.79 Q 96.72 535.25 132.38 507.79 Q 168.03 480.33 218.85 480.33 Q 261.48 480.33 290.16 497.13 Q 318.85 513.93 340.16 550.82 Q 365.57 509.84 397.95 495.08 Q 430.33 480.33 467.21 480.33 Q 523.77 480.33 560.66 510.66 Q 597.54 540.98 615.57 591.39 Q 633.61 641.80 633.61 700.82 Q 633.61 799.18 592.62 849.59 Q 551.64 900.00 473.77 900.00 Z M 163.93 778.69 Q 163.93 804.10 179.51 821.31 Q 195.08 838.52 222.95 838.52 Q 250.00 838.52 268.03 823.77 Q 286.07 809.02 299.18 781.15 Q 275.41 749.18 258.61 734.84 Q 241.80 720.49 217.21 720.49 Q 194.26 720.49 179.10 735.25 Q 163.93 750.00 163.93 778.69 Z",
  "centerlinePath": "M 329.18 771.75 L 308.80 741.61 L 280.78 714.07 L 245.11 693.80 L 190.34 692.76 L 154.67 719.27 L 135.57 776.95 L 143.85 827.36 L 176.96 859.06 L 233.01 867.89 L 280.14 852.82 L 306.25 825.80 L 329.82 788.90 L 357.20 814.37 L 385.86 836.71 L 424.08 859.06 L 468.66 865.81 L 522.80 859.58 L 565.47 834.11 L 587.12 797.74 L 597.95 756.68 L 601.77 707.83 L 597.95 666.78 L 587.76 621.05 L 571.84 582.07 L 549.54 550.37 L 515.79 521.79 L 472.48 512.96 L 425.99 518.15 L 392.87 536.34 L 367.39 564.40 L 347.65 600.78 L 320.90 567.00 L 294.79 537.90 L 252.12 515.04 L 195.43 513.48 L 148.94 538.94 L 131.74 579.99 L 137.48 624.69",
  "items": [
    {
      "type": "line",
      "x1": 137.89920755019537,
      "y1": 767.0633026758829,
      "x2": 139.25601830240268,
      "y2": 793.9078034083049,
      "angle": 1.5202959598631003,
      "arrowType": "triangle",
      "id": "line_1765470070479"
    },
    {
      "type": "line",
      "x1": 480.2677873571765,
      "y1": 863.5046571590282,
      "x2": 491.12227337483506,
      "y2": 863.5046571590282,
      "angle": 0,
      "arrowType": "triangle",
      "id": "line_1765470074381"
    },
    {
      "type": "line",
      "x1": 470.7701120917252,
      "y1": 514.5261476375438,
      "x2": 454.4883830652373,
      "y2": 515.5203884054113,
      "angle": 3.080603571173006,
      "arrowType": "triangle",
      "id": "line_1765470077059"
    },
    {
      "type": "line",
      "x1": 253.22812148781776,
      "y1": 520.4915922447487,
      "x2": 240.11228421648036,
      "y2": 518.5031107090139,
      "angle": -2.9911292934764857,
      "arrowType": "triangle",
      "id": "line_1765470079545"
    },
    {
      "type": "number",
      "x": 179.96034086862235,
      "y": 700.449171228762,
      "strokeNumber": 1,
      "size": "medium",
      "id": "number_1765470086742"
    }
  ],
  "exportDate": "2025-12-11T16:21:28.842Z"
}
