{
  "svgViewBox": {
    "x": 0,
    "y": 0,
    "width": 200,
    "height": 200
  },
  "svgBounds": {
    "x": 100,
    "y": 227.3000030517578,
    "width": 800,
    "height": 330.8599853515625
  },
  "svgPath": "M 328.76 558.16 Q 251.21 558.16 200.48 533.93 Q 149.76 509.69 124.88 467.69 Q 100.00 425.69 100.00 373.99 Q 100.00 327.46 116.16 294.51 Q 132.31 261.55 159.77 244.43 Q 187.24 227.30 222.13 227.30 Q 260.90 227.30 284.17 249.27 Q 307.43 271.24 307.43 309.37 Q 307.43 348.79 282.88 373.67 Q 258.32 398.55 207.27 398.55 Q 191.11 398.55 177.22 394.35 Q 163.33 390.15 151.05 384.33 Q 153.63 415.99 172.37 444.10 Q 191.11 472.21 229.24 489.66 Q 267.37 507.11 328.76 507.11 Q 424.39 507.11 470.92 473.18 Q 517.45 439.26 517.45 366.24 Q 517.45 342.33 510.34 321.97 Q 503.23 301.62 488.69 288.69 Q 474.15 275.77 451.53 275.77 Q 436.67 275.77 424.07 285.78 Q 411.47 295.80 411.47 317.77 Q 411.47 342.97 428.27 359.45 Q 445.07 375.93 472.21 384.98 V 431.50 H 272.54 V 383.68 H 399.84 Q 360.42 359.13 360.42 308.72 Q 360.42 289.34 370.11 270.60 Q 379.81 251.86 400.81 239.58 Q 421.81 227.30 454.12 227.30 Q 487.72 227.30 513.89 245.40 Q 540.06 263.49 555.57 294.83 Q 571.08 326.17 571.08 366.88 Q 571.08 464.46 506.79 511.31 Q 442.49 558.16 328.76 558.16 Z M 218.90 273.18 Q 194.35 273.18 176.90 289.98 Q 159.45 306.79 153.63 337.80 Q 162.68 344.26 175.28 348.79 Q 187.88 353.31 204.04 353.31 Q 229.89 353.31 243.13 342.33 Q 256.38 331.34 256.38 311.95 Q 256.38 293.21 246.04 283.20 Q 235.70 273.18 218.90 273.18 Z M 615.02 415.99 Q 615.02 375.28 632.79 343.30 Q 650.57 311.31 682.88 292.57 Q 715.19 273.83 757.19 273.83 Q 799.84 273.83 832.15 292.25 Q 864.46 310.66 882.23 342.97 Q 900.00 375.28 900.00 415.99 Q 900.00 456.70 882.55 488.69 Q 865.11 520.68 833.12 539.42 Q 801.13 558.16 757.19 558.16 Q 713.89 558.16 681.91 539.42 Q 649.92 520.68 632.47 488.37 Q 615.02 456.06 615.02 415.99 Z M 668.01 415.35 Q 668.01 454.12 690.63 480.94 Q 713.25 507.75 757.19 507.75 Q 801.78 507.75 824.39 480.94 Q 847.01 454.12 847.01 415.35 Q 847.01 377.22 823.42 350.73 Q 799.84 324.23 757.19 324.23 Q 714.54 324.23 691.28 350.73 Q 668.01 377.22 668.01 415.35 Z",
  "centerlinePath": "M 162.05 366.02 L 196.25 373.34 L 230.45 370.76 L 261.05 358.26 L 280.85 330.69 L 279.95 294.49 L 255.65 261.75 L 215.15 252.27 L 171.05 264.76 L 144.05 289.75 L 128.75 324.65 L 124.25 363.86 L 126.95 403.07 L 140.45 439.69 L 158.45 468.13 L 183.65 491.40 L 216.05 512.51 L 252.05 525.87 L 297.95 533.62 L 341.15 534.05 L 397.85 530.61 L 441.05 520.26 L 480.65 501.31 L 514.85 471.58 L 534.65 434.95 L 544.55 399.62 L 542.75 354.38 L 534.65 316.04 L 509.45 281.14 L 480.65 259.16 L 434.75 257.01 L 398.75 275.11 L 389.75 313.88 L 399.65 349.21 L 421.25 376.36 L 439.25 397.90 L 460.85 409.53 L 422.15 410.83 L 383.45 412.55 L 351.95 411.26 L 314.15 413.41 L 280.85 413.41M 753.35 299.66 L 794.75 306.56 L 832.55 325.52 L 858.65 360.85 L 870.35 404.36 L 866.75 447.88 L 848.75 485.36 L 815.45 512.94 L 773.15 528.02 L 732.65 527.59 L 688.55 510.79 L 657.95 478.47 L 643.55 433.23 L 648.05 391.44 L 659.75 357.83 L 684.05 326.81 L 711.05 309.14 L 736.25 300.53",
  "items": [
    {
      "type": "line",
      "x1": 175.79313342025208,
      "y1": 262.1281438756873,
      "x2": 152.0353469506012,
      "y2": 290.27629202383537,
      "angle": 2.271812300539201,
      "arrowType": "triangle",
      "id": "line_1765380244227"
    },
    {
      "type": "line",
      "x1": 424.9601622482978,
      "y1": 522.868884616428,
      "x2": 451.03578154425605,
      "y2": 512.4985142460575,
      "angle": -0.37852524521719794,
      "arrowType": "triangle",
      "id": "line_1765380252240"
    },
    {
      "type": "line",
      "x1": 642.8364479211938,
      "y1": 425.0911068386502,
      "x2": 653.8461538461538,
      "y2": 457.68369943124287,
      "angle": 1.2450331523377551,
      "arrowType": "triangle",
      "id": "line_1765380260962"
    },
    {
      "type": "number",
      "x": 238.95407793712877,
      "y": 253.2392549867983,
      "strokeNumber": 1,
      "size": "small",
      "id": "number_1765380278728"
    },
    {
      "type": "number",
      "x": 713.5303491235695,
      "y": 524.3503660979095,
      "strokeNumber": 2,
      "size": "small",
      "id": "number_1765380292992"
    }
  ],
  "exportDate": "2025-12-10T15:24:58.552Z"
}
