{
  "svgViewBox": {
    "x": 0,
    "y": 0,
    "width": 200,
    "height": 200
  },
  "svgBounds": {
    "x": 100,
    "y": 216.02000427246094,
    "width": 572.010009765625,
    "height": 563.8999633789062
  },
  "svgPath": "M 508.92 779.92 Q 465.92 779.92 435.90 763.69 Q 405.88 747.46 383.16 710.14 Q 353.14 752.33 321.10 766.13 Q 289.05 779.92 245.23 779.92 Q 200.61 779.92 170.99 764.10 Q 141.38 748.28 126.77 721.91 Q 112.17 695.54 112.17 664.71 Q 112.17 615.21 142.60 586.00 Q 173.02 556.80 232.25 535.70 Q 265.52 523.53 284.99 509.74 Q 304.46 495.94 304.46 469.17 Q 304.46 450.51 291.08 437.12 Q 277.69 423.73 243.61 423.73 Q 208.72 423.73 191.68 437.12 Q 174.65 450.51 174.65 474.04 Q 174.65 484.58 177.48 493.51 Q 180.32 502.43 182.76 508.11 L 121.91 525.15 Q 108.11 500.00 108.11 465.92 Q 108.11 444.02 118.26 423.73 Q 128.40 403.45 149.49 388.84 V 364.50 H 220.08 Q 246.04 364.50 259.43 361.66 Q 272.82 358.82 280.93 352.33 Q 293.10 340.97 293.10 322.31 Q 293.10 300.41 280.12 289.86 Q 272.01 283.37 259.84 280.12 Q 247.67 276.88 219.27 276.88 H 100.00 V 216.02 H 496.75 Q 551.93 216.02 581.95 222.52 Q 611.97 229.01 633.87 246.86 Q 650.91 259.84 661.46 282.15 Q 672.01 304.46 672.01 335.29 Q 672.01 386.41 641.18 414.81 Q 610.34 443.20 557.61 443.20 Q 517.04 443.20 492.70 427.79 Q 468.36 412.37 457.40 389.25 Q 446.45 366.13 446.45 342.60 Q 446.45 322.31 451.32 306.49 Q 456.19 290.67 464.30 276.88 H 351.52 Q 355.58 285.80 357.61 297.16 Q 359.63 308.52 359.63 321.50 Q 359.63 343.41 351.52 361.26 Q 343.41 379.11 332.86 389.66 Q 353.14 405.88 362.07 427.38 Q 370.99 448.88 370.99 469.98 Q 370.99 516.23 343.81 542.19 Q 316.63 568.15 263.08 587.63 Q 220.08 603.85 199.39 620.49 Q 178.70 637.12 178.70 663.89 Q 178.70 687.42 195.33 701.62 Q 211.97 715.82 246.86 715.82 Q 297.16 715.82 322.72 689.45 Q 348.28 663.08 351.52 620.08 H 414.81 Q 418.05 669.57 444.02 692.70 Q 469.98 715.82 506.49 715.82 Q 547.06 715.82 563.69 699.19 Q 580.32 682.56 580.32 654.97 Q 580.32 623.33 562.07 600.61 Q 543.81 577.89 515.42 560.04 L 558.42 505.68 Q 607.10 538.13 627.38 577.08 Q 647.67 616.02 647.67 648.48 Q 647.67 716.63 609.53 748.28 Q 571.40 779.92 508.92 779.92 Z M 505.68 335.29 Q 505.68 359.63 519.88 374.65 Q 534.08 389.66 560.85 389.66 Q 589.25 389.66 601.01 374.65 Q 612.78 359.63 612.78 337.73 Q 612.78 303.65 592.09 290.26 Q 571.40 276.88 534.08 276.88 H 526.77 Q 505.68 304.46 505.68 335.29 Z",
  "centerlinePath": "M 146.43 510.58 L 141.06 472.74 L 148.45 432.24 L 174.66 408.34 L 211.62 395.73 L 250.59 392.41 L 293.60 399.05 L 325.19 430.25 L 333.92 472.08 L 323.17 509.26 L 294.28 535.15 L 261.35 553.07 L 222.37 573.65 L 188.77 596.23 L 157.19 624.77 L 148.45 669.26 L 165.25 713.74 L 203.55 742.29 L 247.23 752.91 L 286.88 740.96 L 328.55 721.04 L 355.43 698.47 L 369.54 665.27 L 378.28 637.39 L 389.03 664.61 L 403.14 695.15 L 426.66 719.05 L 455.56 736.31 L 486.47 746.93 L 518.73 746.27 L 553.00 741.62 L 583.91 725.02 L 606.76 696.48 L 615.50 661.29 L 613.48 625.44 L 597.35 593.57 L 575.85 567.02 L 555.02 544.44M 172.64 381.12 L 202.88 380.46 L 237.15 381.79 L 270.76 381.79 L 306.37 377.14 L 320.48 345.27 L 321.83 315.40 L 317.12 284.19 L 304.36 262.29 L 274.79 254.98 L 241.86 250.34 L 201.54 247.68 L 160.55 247.68 L 126.95 245.69M 296.96 243.70 L 336.61 243.70 L 375.59 244.36 L 415.24 243.03 L 454.89 245.02 L 496.55 243.70 L 536.87 247.02 L 577.19 251.66 L 608.10 269.59 L 631.62 298.14 L 639.69 343.28 L 628.26 381.79 L 597.35 405.02 L 552.33 414.32 L 508.65 401.04 L 483.11 363.86 L 477.06 318.05 L 488.49 282.87 L 500.58 260.29",
  "items": [
    {
      "type": "line",
      "x1": 270.2026017758357,
      "y1": 547.5905302118372,
      "x2": 249.48660837566095,
      "y2": 560.3018637621844,
      "angle": 2.591233122851536,
      "arrowType": "triangle",
      "id": "line_1765379864394"
    },
    {
      "type": "line",
      "x1": 320.749625672262,
      "y1": 333.61641544765894,
      "x2": 320.33530580425855,
      "y2": 309.25302614282674,
      "angle": -1.5878005263959514,
      "arrowType": "triangle",
      "id": "line_1765379876022"
    },
    {
      "type": "number",
      "x": 312.8775481801957,
      "y": 516.8714741318314,
      "strokeNumber": 1,
      "size": "medium",
      "id": "number_1765379896155"
    },
    {
      "type": "number",
      "x": 273.5171607198636,
      "y": 245.69635839109063,
      "strokeNumber": 2,
      "size": "medium",
      "id": "number_1765379914622"
    }
  ],
  "exportDate": "2025-12-10T15:18:41.314Z"
}
