{
  "svgViewBox": {
    "x": 0,
    "y": 0,
    "width": 200,
    "height": 200
  },
  "svgBounds": {
    "x": 100,
    "y": 166.38999938964844,
    "width": 556.5599975585938,
    "height": 419.67999267578125
  },
  "svgPath": "M 507.38 586.07 Q 464.75 586.07 434.02 570.90 Q 403.28 555.74 377.87 515.57 Q 347.54 558.20 315.16 572.13 Q 282.79 586.07 238.52 586.07 Q 193.44 586.07 163.52 570.08 Q 133.61 554.10 118.85 527.46 Q 104.10 500.82 104.10 469.67 Q 104.10 419.67 134.84 390.16 Q 165.57 360.66 225.41 339.34 Q 259.02 327.05 278.69 313.11 Q 298.36 299.18 298.36 272.13 Q 298.36 253.28 284.84 239.75 Q 271.31 226.23 236.89 226.23 Q 201.64 226.23 184.43 239.75 Q 167.21 253.28 167.21 277.05 Q 167.21 287.70 170.08 296.72 Q 172.95 305.74 175.41 311.48 L 113.93 328.69 Q 100.00 303.28 100.00 268.85 Q 100.00 242.62 113.93 219.26 Q 127.87 195.90 158.20 181.15 Q 188.52 166.39 236.89 166.39 Q 286.07 166.39 313.93 182.79 Q 341.80 199.18 353.69 223.77 Q 365.57 248.36 365.57 272.95 Q 365.57 319.67 338.11 345.90 Q 310.66 372.13 256.56 391.80 Q 213.11 408.20 192.21 425.00 Q 171.31 441.80 171.31 468.85 Q 171.31 492.62 188.11 506.97 Q 204.92 521.31 240.16 521.31 Q 290.98 521.31 316.80 494.67 Q 342.62 468.03 345.90 424.59 H 409.84 Q 413.93 474.59 440.16 497.95 Q 466.39 521.31 500.82 521.31 Q 588.52 521.31 588.52 418.03 Q 588.52 370.49 569.26 334.84 Q 550.00 299.18 517.62 273.36 Q 485.25 247.54 444.26 229.51 L 474.59 166.39 Q 525.41 187.70 566.39 223.77 Q 607.38 259.84 631.97 307.38 Q 656.56 354.92 656.56 413.11 Q 656.56 495.90 615.98 540.98 Q 575.41 586.07 507.38 586.07 Z",
  "centerlinePath": "M 138.96 313.35 L 133.71 285.81 L 133.71 253.59 L 148.16 223.96 L 179.67 206.81 L 224.97 197.98 L 265.02 200.58 L 303.76 215.65 L 325.43 247.35 L 329.37 284.77 L 317.55 318.03 L 284.72 343.49 L 250.58 360.12 L 211.84 375.71 L 175.07 397.54 L 144.87 424.04 L 135.68 459.90 L 140.28 492.12 L 157.35 521.22 L 186.24 544.09 L 226.29 552.40 L 267.65 549.28 L 307.04 537.33 L 333.31 520.18 L 355.63 491.08 L 375.33 452.62 L 393.71 490.56 L 414.06 518.62 L 442.29 539.41 L 476.44 552.92 L 520.43 553.96 L 559.82 542.01 L 590.02 518.62 L 612.34 484.32 L 623.51 443.79 L 624.16 400.65 L 615.63 358.04 L 597.24 318.55 L 571.64 283.21 L 541.44 250.99 L 515.17 227.60 L 474.47 205.26",
  "items": [
    {
      "type": "line",
      "x1": 323.1912954576435,
      "y1": 299.79962106280857,
      "x2": 309.5949346378312,
      "y2": 317.3209543192828,
      "angle": 2.2307239454558427,
      "arrowType": "triangle",
      "id": "line_1765460286916"
    },
    {
      "type": "line",
      "x1": 533.2316281223304,
      "y1": 549.2209533020302,
      "x2": 554.3294293944531,
      "y2": 539.9449533427204,
      "angle": -0.4142275730692937,
      "arrowType": "triangle",
      "id": "line_1765460291276"
    },
    {
      "type": "number",
      "x": 289.4348134222474,
      "y": 211.16228811829174,
      "strokeNumber": 1,
      "size": "medium",
      "id": "number_1765460299645"
    }
  ],
  "exportDate": "2025-12-11T13:38:42.232Z"
}
