{
  "svgViewBox": {
    "x": 0,
    "y": 0,
    "width": 200,
    "height": 200
  },
  "svgBounds": {
    "x": 100,
    "y": 100,
    "width": 556.8400268554688,
    "height": 624.4299926757812
  },
  "svgPath": "M 465.11 641.41 Q 426.91 641.41 399.72 627.46 Q 372.54 613.50 349.04 578.24 Q 321.85 616.44 292.84 628.93 Q 263.82 641.41 224.15 641.41 Q 183.75 641.41 156.93 627.09 Q 130.12 612.76 116.90 588.89 Q 103.67 565.01 103.67 537.10 Q 103.67 492.29 131.22 465.84 Q 158.77 439.39 212.40 420.29 Q 242.52 409.27 260.15 396.79 Q 277.78 384.30 277.78 360.06 Q 277.78 343.16 265.66 331.04 Q 253.54 318.92 222.68 318.92 Q 191.09 318.92 175.67 331.04 Q 160.24 343.16 160.24 364.46 Q 160.24 374.01 162.81 382.09 Q 165.38 390.17 167.58 395.32 L 112.49 410.74 Q 100.00 387.97 100.00 357.12 Q 100.00 333.61 112.49 312.67 Q 124.98 291.74 152.16 278.51 Q 179.34 265.29 222.68 265.29 Q 266.76 265.29 291.74 279.98 Q 316.71 294.67 327.36 316.71 Q 338.02 338.75 338.02 360.79 Q 338.02 402.66 313.41 426.17 Q 288.80 449.68 240.31 467.31 Q 201.38 482.00 182.64 497.06 Q 163.91 512.12 163.91 536.36 Q 163.91 557.67 178.97 570.52 Q 194.03 583.38 225.62 583.38 Q 271.17 583.38 294.31 559.50 Q 317.45 535.63 320.39 496.69 H 377.69 Q 381.36 541.51 404.87 562.44 Q 428.37 583.38 459.23 583.38 Q 537.83 583.38 537.83 491.55 Q 537.83 448.94 520.94 416.25 Q 504.04 383.56 476.49 360.06 Q 448.94 336.55 416.62 320.39 H 415.15 Q 393.85 320.39 374.38 312.30 Q 354.91 304.22 338.75 281.82 Q 322.59 259.41 310.84 218.27 L 371.81 198.44 Q 382.83 238.84 393.11 252.07 Q 403.40 265.29 419.56 265.29 Q 434.25 265.29 447.11 256.11 Q 459.96 246.92 483.47 217.54 L 506.24 188.15 Q 531.22 155.83 552.16 136.73 Q 573.09 117.63 596.60 108.82 Q 620.11 100.00 652.43 100.00 L 656.84 156.57 Q 631.13 158.03 613.87 164.65 Q 596.60 171.26 582.28 185.58 Q 567.95 199.91 548.85 224.15 L 531.96 246.19 Q 506.98 277.78 486.41 294.67 Q 535.63 326.26 567.22 375.48 Q 598.81 424.70 598.81 487.14 Q 598.81 560.61 562.44 601.01 Q 526.08 641.41 465.11 641.41 Z M 315.24 724.43 320.39 620.84 H 375.48 L 381.36 724.43 Z",
  "centerlinePath": "M 135.06 395.55 L 127.84 366.58 L 135.06 331.80 L 157.39 307.90 L 192.86 294.13 L 230.30 291.96 L 266.43 299.93 L 293.36 320.21 L 304.53 354.99 L 301.90 391.93 L 278.25 417.29 L 238.84 436.85 L 200.09 452.78 L 166.59 473.07 L 138.34 503.49 L 133.09 538.99 L 143.60 575.21 L 171.19 599.12 L 209.94 610.71 L 250.01 608.54 L 282.19 596.94 L 311.09 576.66 L 331.46 551.31 L 345.91 513.64 L 364.30 554.20 L 390.57 582.46 L 425.38 604.19 L 466.76 614.33 L 508.15 603.46 L 542.30 581.73 L 560.69 542.61 L 565.29 499.87 L 565.29 458.58 L 553.47 418.01 L 535.08 383.24 L 512.09 356.43 L 483.19 328.91 L 454.94 307.90M 345.91 219.52 L 359.04 252.12 L 382.69 281.09 L 419.47 298.48 L 451.00 289.06 L 479.24 265.88 L 506.18 236.18 L 529.82 202.13 L 555.44 171.70 L 586.31 147.80 L 623.09 133.31 L 645.43 129.69M 347.22 629.54 L 348.53 672.29 L 349.85 714.30",
  "items": [
    {
      "type": "line",
      "x1": 305.04120458410586,
      "y1": 368.0929465081956,
      "x2": 292.416893385202,
      "y2": 393.5326869505423,
      "angle": 2.031434391621097,
      "arrowType": "triangle",
      "id": "line_1765460413029"
    },
    {
      "type": "line",
      "x1": 551.2152729627308,
      "y1": 561.2037035023724,
      "x2": 556.4754026289405,
      "y2": 543.8584259280451,
      "angle": -1.2763513549706407,
      "arrowType": "triangle",
      "id": "line_1765460421133"
    },
    {
      "type": "line",
      "x1": 570.6777527277075,
      "y1": 157.6369119396916,
      "x2": 589.6142195260633,
      "y2": 147.22974539509525,
      "angle": -0.502523257012143,
      "arrowType": "triangle",
      "id": "line_1765460444892"
    },
    {
      "type": "number",
      "x": 248.2318041890385,
      "y": 297.5554843725981,
      "strokeNumber": 1,
      "size": "medium",
      "id": "number_1765460457827"
    },
    {
      "type": "number",
      "x": 508.60822266643027,
      "y": 223.5489667221352,
      "strokeNumber": 2,
      "size": "medium",
      "id": "number_1765460466452"
    },
    {
      "type": "number",
      "x": 348.70028081364825,
      "y": 676.2607114120766,
      "strokeNumber": 3,
      "size": "medium",
      "id": "number_1765460474359"
    }
  ],
  "exportDate": "2025-12-11T13:41:17.505Z"
}
