{
  "svgViewBox": {
    "x": 0,
    "y": 0,
    "width": 200,
    "height": 200
  },
  "svgBounds": {
    "x": 100,
    "y": 124.31999969482422,
    "width": 567.3800048828125,
    "height": 597.3599853515625
  },
  "svgPath": "M 519.86 721.68 Q 472.85 721.68 444.88 705.47 Q 416.92 689.26 391.79 651.98 Q 365.86 693.31 334.65 707.50 Q 303.44 721.68 264.54 721.68 Q 205.37 721.68 169.30 686.83 Q 133.23 651.98 133.23 595.24 Q 133.23 572.54 144.58 547.01 Q 155.93 521.48 181.05 502.84 H 100.00 V 442.86 H 289.67 V 500.41 Q 241.03 510.94 219.96 535.26 Q 198.89 559.57 198.89 591.19 Q 198.89 621.18 217.53 639.41 Q 236.17 657.65 268.59 657.65 Q 309.12 657.65 333.03 631.31 Q 356.94 604.96 360.18 562.01 H 422.59 Q 426.65 611.45 453.80 634.55 Q 480.95 657.65 513.37 657.65 Q 536.07 657.65 555.93 649.54 Q 575.79 641.44 587.94 619.55 Q 600.10 597.67 600.10 556.33 Q 600.10 511.75 583.08 477.71 Q 566.06 443.67 538.10 420.16 Q 510.13 396.66 475.28 383.28 Q 440.43 369.91 405.57 366.67 Q 399.90 367.48 393.41 367.48 Q 369.91 367.48 348.43 358.56 Q 326.95 349.65 309.12 324.92 Q 291.29 300.20 278.32 254.81 L 345.59 232.93 Q 357.75 277.51 369.10 292.10 Q 380.45 306.69 398.28 306.69 Q 414.49 306.69 428.67 296.56 Q 442.86 286.42 468.79 254.00 L 493.92 221.58 Q 521.48 185.92 544.58 164.84 Q 567.68 143.77 593.62 134.04 Q 619.55 124.32 655.22 124.32 L 660.08 186.73 Q 631.71 188.35 612.66 195.64 Q 593.62 202.94 577.81 218.74 Q 562.01 234.55 540.93 261.30 L 522.29 285.61 Q 506.08 306.69 491.49 321.28 Q 578.22 350.46 622.80 413.27 Q 667.38 476.09 667.38 554.71 Q 667.38 611.45 647.92 648.33 Q 628.47 685.21 595.24 703.44 Q 562.01 721.68 519.86 721.68 Z",
  "centerlinePath": "M 111.73 471.82 L 148.44 471.12 L 189.15 471.82 L 224.52 472.51 L 261.89 471.12 L 233.20 489.95 L 199.83 514.35 L 177.14 549.22 L 166.46 590.37 L 175.80 635.69 L 201.16 672.65 L 241.87 685.90 L 288.59 685.21 L 329.97 666.38 L 358.00 638.48 L 379.35 609.20 L 390.03 572.24 L 402.04 610.59 L 422.73 640.58 L 450.76 669.17 L 492.14 688.69 L 536.19 690.09 L 576.90 676.14 L 608.93 650.34 L 629.62 609.89 L 636.96 565.96 L 635.63 522.72 L 622.95 479.49 L 604.93 445.32 L 583.57 409.05 L 555.54 383.25 L 522.17 365.82 L 488.80 349.08 L 450.76 338.62M 315.95 252.15 L 331.30 289.11 L 356.66 320.49 L 396.70 341.41 L 434.08 333.04 L 468.11 306.54 L 492.81 277.95 L 520.84 244.48 L 549.53 208.91 L 580.90 178.92 L 615.60 161.49 L 649.64 152.42",
  "items": [
    {
      "type": "line",
      "x1": 198.2573054470075,
      "y1": 472.60714393191864,
      "x2": 215.3664281004934,
      "y2": 472.60714393191864,
      "angle": 0,
      "arrowType": "triangle",
      "id": "line_1765447512320"
    },
    {
      "type": "line",
      "x1": 196.74767697758227,
      "y1": 665.0898058785332,
      "x2": 217.88247554953546,
      "y2": 675.0458056343925,
      "angle": 0.4402380979966523,
      "arrowType": "triangle",
      "id": "line_1765447521867"
    },
    {
      "type": "line",
      "x1": 626.991790763772,
      "y1": 616.4160292943319,
      "x2": 632.5270951516645,
      "y2": 592.0791410022312,
      "angle": -1.347155887920621,
      "arrowType": "triangle",
      "id": "line_1765447525775"
    },
    {
      "type": "line",
      "x1": 550.0007388230854,
      "y1": 209.32626149919304,
      "x2": 557.5488811702115,
      "y2": 201.58270613352462,
      "angle": -0.7981764948844005,
      "arrowType": "triangle",
      "id": "line_1765447537002"
    },
    {
      "type": "number",
      "x": 502.1958372912865,
      "y": 261.8718157662286,
      "strokeNumber": 2,
      "size": "medium",
      "id": "number_1765447570474"
    },
    {
      "type": "number",
      "x": 166.0518980992693,
      "y": 595.9509186850654,
      "strokeNumber": 1,
      "size": "medium",
      "id": "number_1765447589346"
    }
  ],
  "exportDate": "2025-12-11T10:06:49.010Z"
}
