{
  "svgViewBox": {
    "x": 0,
    "y": 0,
    "width": 200,
    "height": 200
  },
  "svgBounds": {
    "x": 100,
    "y": 121.81999969482422,
    "width": 509.09002685546875,
    "height": 618.1799926757812
  },
  "svgPath": "M 476.73 657.82 Q 434.55 657.82 409.45 643.27 Q 384.36 628.73 361.82 595.27 Q 338.55 632.36 310.55 645.09 Q 282.55 657.82 247.64 657.82 Q 194.55 657.82 162.18 626.55 Q 129.82 595.27 129.82 544.36 Q 129.82 524.00 140.00 501.09 Q 150.18 478.18 172.73 461.45 H 100.00 V 407.64 H 270.18 V 459.27 Q 226.55 468.73 207.64 490.55 Q 188.73 512.36 188.73 540.73 Q 188.73 567.64 205.45 584.00 Q 222.18 600.36 251.27 600.36 Q 287.64 600.36 309.09 576.73 Q 330.55 553.09 333.45 514.55 H 389.45 Q 393.09 558.91 417.45 579.64 Q 441.82 600.36 470.91 600.36 Q 491.27 600.36 509.09 593.09 Q 526.91 585.82 537.82 566.18 Q 548.73 546.55 548.73 509.45 Q 548.73 469.45 533.45 438.91 Q 518.18 408.36 493.09 387.27 Q 468.00 366.18 436.73 354.18 Q 405.45 342.18 374.18 339.27 Q 369.09 340.00 363.27 340.00 Q 342.18 340.00 322.91 332.00 Q 303.64 324.00 287.64 301.82 Q 271.64 279.64 260.00 238.91 L 320.36 219.27 Q 331.27 259.27 341.45 272.36 Q 351.64 285.45 367.64 285.45 Q 382.18 285.45 394.91 276.36 Q 407.64 267.27 430.91 238.18 L 453.45 209.09 Q 478.18 177.09 498.91 158.18 Q 519.64 139.27 542.91 130.55 Q 566.18 121.82 598.18 121.82 L 602.55 177.82 Q 577.09 179.27 560.00 185.82 Q 542.91 192.36 528.73 206.55 Q 514.55 220.73 495.64 244.73 L 478.91 266.55 Q 464.36 285.45 451.27 298.55 Q 529.09 324.73 569.09 381.09 Q 609.09 437.45 609.09 508.00 Q 609.09 558.91 591.64 592.00 Q 574.18 625.09 544.36 641.45 Q 514.55 657.82 476.73 657.82 Z M 329.09 740.00 334.18 637.45 H 388.73 L 394.55 740.00 Z",
  "centerlinePath": "M 110.00 433.06 L 153.24 433.78 L 195.88 433.78 L 238.51 433.78 L 198.92 463.95 L 170.90 502.01 L 159.94 549.41 L 173.34 593.22 L 208.06 621.23 L 258.00 626.97 L 301.25 614.76 L 334.75 585.32 L 359.72 532.17 L 387.74 583.16 L 426.11 616.20 L 478.49 626.25 L 536.97 611.89 L 571.69 569.52 L 582.04 518.53 L 576.56 468.26 L 557.07 424.45 L 532.09 387.82 L 502.25 361.25 L 466.92 333.96 L 431.59 316.72 L 400.53 310.26M 292.72 237.72 L 307.34 268.60 L 333.53 298.76 L 369.47 313.85 L 409.06 303.79 L 435.25 284.40 L 455.96 256.39 L 477.89 226.23 L 502.86 196.78 L 531.49 169.49 L 564.38 152.97 L 589.35 146.51M 360.94 647.08 L 363.38 686.58 L 363.99 728.24",
  "items": [
    {
      "type": "line",
      "x1": 186.08302401604604,
      "y1": 433.59306891759235,
      "x2": 209.51668560345252,
      "y2": 433.59306891759235,
      "angle": 0,
      "arrowType": "triangle",
      "id": "line_1765447888696"
    },
    {
      "type": "line",
      "x1": 206.39219739179828,
      "y1": 619.0470667203267,
      "x2": 236.5955834377888,
      "y2": 623.6261777771842,
      "angle": 0.15046336011330874,
      "arrowType": "triangle",
      "id": "line_1765447899764"
    },
    {
      "type": "line",
      "x1": 581.3307827903009,
      "y1": 501.13495700624253,
      "x2": 577.6855465433711,
      "y2": 481.6737350145975,
      "angle": -1.7559584772623404,
      "arrowType": "triangle",
      "id": "line_1765447907765"
    },
    {
      "type": "line",
      "x1": 516.2372783808387,
      "y1": 184.03151631885103,
      "x2": 529.2559792627311,
      "y2": 174.87329420513575,
      "angle": -0.6130487990779905,
      "arrowType": "triangle",
      "id": "line_1765447914348"
    },
    {
      "type": "number",
      "x": 162.12861439336396,
      "y": 548.6432342211405,
      "strokeNumber": 1,
      "size": "medium",
      "id": "number_1765447926088"
    },
    {
      "type": "number",
      "x": 470.41145127657717,
      "y": 235.54651570849947,
      "strokeNumber": 2,
      "size": "medium",
      "id": "number_1765447933963"
    },
    {
      "type": "number",
      "x": 362.6166079745077,
      "y": 699.7538990974425,
      "strokeNumber": 3,
      "size": "medium",
      "id": "number_1765447940120"
    }
  ],
  "exportDate": "2025-12-11T10:12:23.178Z"
}
