{
  "svgViewBox": {
    "x": 0,
    "y": 0,
    "width": 200,
    "height": 200
  },
  "svgBounds": {
    "x": 100,
    "y": 239.8699951171875,
    "width": 566.5900268554688,
    "height": 656.5700073242188
  },
  "svgPath": "M 517.82 896.44 Q 471.49 896.44 439.87 879.06 Q 408.24 861.69 382.41 819.82 Q 354.79 867.93 320.04 882.18 Q 285.30 896.44 245.21 896.44 Q 180.18 896.44 140.09 846.55 Q 100.00 796.66 100.00 707.57 Q 100.00 628.29 134.74 568.15 Q 169.49 508.02 233.63 474.16 Q 297.77 440.31 386.86 440.31 Q 475.95 440.31 538.31 474.61 Q 600.67 508.91 633.63 569.04 Q 666.59 629.18 666.59 707.57 Q 666.59 799.33 626.50 847.88 Q 586.41 896.44 517.82 896.44 Z M 510.69 826.06 Q 548.11 826.06 570.38 798.44 Q 592.65 770.82 592.65 705.79 Q 592.65 647.88 570.82 603.34 Q 549.00 558.80 504.90 532.96 Q 460.80 507.13 393.10 507.13 H 379.73 Q 279.96 507.13 226.95 561.47 Q 173.94 615.81 173.94 703.12 Q 173.94 769.93 195.77 798.00 Q 217.59 826.06 255.90 826.06 Q 295.99 826.06 320.49 797.10 Q 344.99 768.15 348.55 720.94 H 418.04 Q 421.60 775.28 449.67 800.67 Q 477.73 826.06 510.69 826.06 Z M 356.57 507.13 Q 330.73 507.13 307.13 497.33 Q 283.52 487.53 263.92 460.36 Q 244.32 433.18 230.07 383.30 L 304.01 359.24 Q 317.37 408.24 329.84 424.28 Q 342.32 440.31 361.92 440.31 Q 379.73 440.31 395.32 429.18 Q 410.91 418.04 439.42 382.41 L 467.04 346.77 Q 497.33 307.57 522.72 284.41 Q 548.11 261.25 576.61 250.56 Q 605.12 239.87 644.32 239.87 L 649.67 308.46 Q 618.49 310.24 597.55 318.26 Q 576.61 326.28 559.24 343.65 Q 541.87 361.02 518.71 390.42 L 498.22 417.15 Q 460.80 465.26 428.73 486.19 Q 396.66 507.13 356.57 507.13 Z",
  "centerlinePath": "M 362.96 475.85 L 314.97 481.15 L 266.31 496.28 L 224.31 516.71 L 192.32 549.24 L 163.65 589.34 L 148.99 627.17 L 137.66 671.05 L 134.32 717.20 L 140.32 758.05 L 152.32 796.64 L 172.99 829.17 L 202.98 853.38 L 240.98 860.95 L 284.97 855.65 L 322.97 834.47 L 352.30 807.23 L 369.63 776.21 L 378.96 744.44 L 389.63 776.21 L 411.63 807.23 L 438.29 835.22 L 476.95 858.68 L 519.61 860.19 L 558.94 851.11 L 596.94 827.66 L 618.27 793.61 L 629.60 755.03 L 631.60 712.66 L 628.27 666.51 L 617.60 621.87 L 600.94 585.56 L 579.61 552.27 L 544.28 522.76 L 510.95 500.82 L 469.62 484.18 L 424.96 477.37 L 385.63 475.10M 269.64 379.77 L 280.31 410.79 L 296.31 440.29 L 318.97 462.99 L 348.97 470.56 L 387.63 464.50 L 420.29 448.62 L 448.29 422.14 L 474.28 392.63 L 498.28 363.88 L 523.61 332.11 L 556.28 304.11 L 596.27 283.68 L 628.27 273.09",
  "items": [
    {
      "type": "line",
      "x1": 136.8945936965075,
      "y1": 726.0281689431932,
      "x2": 142.42546731561472,
      "y2": 755.209058157603,
      "angle": 1.3834807761535919,
      "arrowType": "triangle",
      "id": "line_1765452216910"
    },
    {
      "type": "line",
      "x1": 626.376908987497,
      "y1": 668.8822608983075,
      "x2": 620.292948006479,
      "y2": 640.9172420678316,
      "angle": -1.7850143827044989,
      "arrowType": "triangle",
      "id": "line_1765452222175"
    },
    {
      "type": "line",
      "x1": 555.5817266629246,
      "y1": 303.51321052621915,
      "x2": 583.7891821203714,
      "y2": 290.138636302948,
      "angle": -0.4427548510931046,
      "arrowType": "triangle",
      "id": "line_1765452240733"
    },
    {
      "type": "number",
      "x": 145.19090412516834,
      "y": 627.5426678445605,
      "strokeNumber": 1,
      "size": "medium",
      "id": "number_1765452260451"
    },
    {
      "type": "number",
      "x": 495.2952042146557,
      "y": 366.7384704907735,
      "strokeNumber": 2,
      "size": "medium",
      "id": "number_1765452268037"
    }
  ],
  "exportDate": "2025-12-11T11:24:30.984Z"
}
