{
  "svgViewBox": {
    "x": 0,
    "y": 0,
    "width": 200,
    "height": 200
  },
  "svgBounds": {
    "x": 100,
    "y": 159.77000427246094,
    "width": 553.530029296875,
    "height": 603.47998046875
  },
  "svgPath": "M 518.42 763.25 Q 454.55 763.25 417.71 744.42 Q 380.86 725.59 359.57 693.65 Q 334.19 737.05 302.25 750.15 Q 270.32 763.25 233.47 763.25 Q 173.69 763.25 136.85 718.22 Q 100.00 673.18 100.00 594.58 Q 100.00 515.15 134.80 459.47 Q 169.60 403.79 233.88 373.90 Q 298.16 344.01 384.95 344.01 Q 450.46 344.01 501.23 360.80 Q 552.00 377.58 597.03 406.24 L 556.91 460.29 Q 515.15 433.27 474.62 419.34 Q 434.08 405.42 380.04 405.42 Q 278.51 405.42 223.23 453.74 Q 167.96 502.05 167.96 592.12 Q 167.96 649.44 188.02 674.00 Q 208.09 698.57 243.30 698.57 Q 281.78 698.57 303.48 671.95 Q 325.18 645.34 328.45 601.94 H 392.32 Q 393.96 628.15 402.97 649.85 Q 411.98 671.55 431.63 683.01 Q 427.53 673.18 425.08 661.72 Q 422.62 650.26 422.62 637.97 Q 422.62 592.12 454.15 564.28 Q 485.67 536.44 537.26 536.44 Q 588.84 536.44 621.19 566.73 Q 653.53 597.03 653.53 642.89 Q 653.53 705.12 614.64 734.19 Q 575.74 763.25 518.42 763.25 Z M 479.94 651.89 Q 479.94 665.81 484.03 678.51 Q 488.13 691.20 494.68 701.02 Q 506.96 701.84 521.70 701.84 Q 588.02 701.84 588.02 647.80 Q 588.02 622.42 572.88 610.95 Q 557.73 599.49 533.98 599.49 Q 511.87 599.49 495.91 611.36 Q 479.94 623.23 479.94 651.89 Z M 353.02 405.42 Q 329.27 405.42 307.57 396.42 Q 285.88 387.41 267.86 362.44 Q 249.85 337.46 236.75 291.61 L 304.71 269.50 Q 316.99 314.53 328.45 329.27 Q 339.92 344.01 357.93 344.01 Q 374.31 344.01 388.64 333.78 Q 402.97 323.54 429.17 290.79 L 454.55 258.03 Q 482.40 222.01 505.73 200.72 Q 529.07 179.43 555.27 169.60 Q 581.47 159.77 617.50 159.77 L 622.42 222.82 Q 593.76 224.46 574.51 231.83 Q 555.27 239.20 539.30 255.17 Q 523.34 271.14 502.05 298.16 L 483.21 322.72 Q 448.82 366.94 419.34 386.18 Q 389.87 405.42 353.02 405.42 Z",
  "centerlinePath": "M 568.58 424.93 L 535.25 407.34 L 492.11 387.64 L 439.18 375.69 L 387.55 372.87 L 337.88 375.69 L 284.29 389.05 L 233.97 404.53 L 195.41 435.48 L 162.73 479.10 L 142.47 529.75 L 133.33 583.92 L 137.25 636.68 L 149.66 678.18 L 177.77 709.84 L 220.24 733.05 L 265.34 723.91 L 305.86 707.73 L 334.61 676.77 L 357.49 628.94 L 386.89 673.26 L 418.92 711.25 L 466.63 728.83 L 513.03 734.46 L 562.69 725.32 L 603.21 699.29 L 624.13 652.15 L 604.52 600.80 L 563.35 573.36 L 516.95 571.25 L 481.66 582.51 L 460.09 610.65 L 452.25 653.56 L 460.09 694.36M 272.53 291.27 L 288.21 327.15 L 308.47 363.02 L 347.68 368.65 L 386.89 360.21 L 422.19 347.55 L 450.94 315.19 L 475.12 282.83 L 501.26 249.76 L 533.94 218.81 L 572.50 199.82 L 613.02 187.15",
  "items": [
    {
      "type": "line",
      "x1": 141.64624540675874,
      "y1": 545.7108181706182,
      "x2": 137.5793261550108,
      "y2": 575.8848171940556,
      "angle": 1.7047711886134056,
      "arrowType": "triangle",
      "id": "line_1765450891391"
    },
    {
      "type": "line",
      "x1": 540.712696984527,
      "y1": 214.9143844321922,
      "x2": 566.1309423079517,
      "y2": 204.85638475771304,
      "angle": -0.3767939930203715,
      "arrowType": "triangle",
      "id": "line_1765450898340"
    },
    {
      "type": "number",
      "x": 163.505936384904,
      "y": 473.0697094104908,
      "strokeNumber": 1,
      "size": "medium",
      "id": "number_1765450909198"
    },
    {
      "type": "number",
      "x": 483.7758274600556,
      "y": 274.14482695968064,
      "strokeNumber": 2,
      "size": "medium",
      "id": "number_1765450920130"
    }
  ],
  "exportDate": "2025-12-11T11:02:20.663Z"
}
