{
  "svgViewBox": {
    "x": 0,
    "y": 0,
    "width": 200,
    "height": 200
  },
  "svgBounds": {
    "x": 100,
    "y": 215.22999572753906,
    "width": 466.78997802734375,
    "height": 623.8500366210938
  },
  "svgPath": "M 444.22 756.15 Q 406.06 756.15 380.00 741.83 Q 353.94 727.52 332.66 693.03 Q 309.91 732.66 281.28 744.40 Q 252.66 756.15 219.63 756.15 Q 166.06 756.15 133.03 715.05 Q 100.00 673.94 100.00 600.55 Q 100.00 535.23 128.62 485.69 Q 157.25 436.15 210.09 408.26 Q 262.94 380.37 336.33 380.37 Q 409.72 380.37 461.10 408.62 Q 512.48 436.88 539.63 486.42 Q 566.79 535.96 566.79 600.55 Q 566.79 676.15 533.76 716.15 Q 500.73 756.15 444.22 756.15 Z M 438.35 698.17 Q 469.17 698.17 487.52 675.41 Q 505.87 652.66 505.87 599.08 Q 505.87 551.38 487.89 514.68 Q 469.91 477.98 433.58 456.70 Q 397.25 435.41 341.47 435.41 H 330.46 Q 248.26 435.41 204.59 480.18 Q 160.92 524.95 160.92 596.88 Q 160.92 651.93 178.90 675.05 Q 196.88 698.17 228.44 698.17 Q 261.47 698.17 281.65 674.31 Q 301.83 650.46 304.77 611.56 H 362.02 Q 364.95 656.33 388.07 677.25 Q 411.19 698.17 438.35 698.17 Z M 300.37 839.08 305.50 735.60 H 360.55 L 366.42 839.08 Z M 311.38 435.41 Q 290.09 435.41 270.64 427.34 Q 251.19 419.27 235.05 396.88 Q 218.90 374.50 207.16 333.39 L 268.07 313.58 Q 279.08 353.94 289.36 367.16 Q 299.63 380.37 315.78 380.37 Q 330.46 380.37 343.30 371.19 Q 356.15 362.02 379.63 332.66 L 402.39 303.30 Q 427.34 271.01 448.26 251.93 Q 469.17 232.84 492.66 224.04 Q 516.15 215.23 548.44 215.23 L 552.84 271.74 Q 527.16 273.21 509.91 279.82 Q 492.66 286.42 478.35 300.73 Q 464.04 315.05 444.95 339.27 L 428.07 361.28 Q 397.25 400.92 370.83 418.17 Q 344.40 435.41 311.38 435.41 Z",
  "centerlinePath": "M 318.94 411.34 L 278.13 414.23 L 237.89 425.09 L 198.22 447.53 L 168.18 477.93 L 147.20 513.40 L 135.30 559.00 L 133.03 604.61 L 137.00 646.59 L 149.47 684.23 L 176.11 712.46 L 216.92 726.21 L 256.59 722.59 L 291.74 702.33 L 313.27 669.75 L 330.84 635.73 L 350.12 671.93 L 372.22 701.60 L 406.23 725.49 L 450.44 726.21 L 494.08 711.01 L 524.69 674.10 L 537.16 630.67 L 538.86 589.41 L 533.19 552.49 L 517.89 512.68 L 496.91 477.93 L 470.84 450.43 L 434.57 427.26 L 391.49 412.06 L 352.95 409.17 L 336.51 409.89M 239.59 334.61 L 251.49 367.18 L 269.63 391.80 L 296.27 404.10 L 330.84 402.65 L 362.58 390.35 L 388.66 365.01 L 409.63 337.51 L 434.57 307.83 L 462.34 279.60 L 497.48 256.44 L 536.02 245.58M 332.54 745.03 L 332.54 785.57 L 333.11 828.28",
  "items": [
    {
      "type": "line",
      "x1": 140.26476539455643,
      "y1": 539.6825581762525,
      "x2": 136.58609446847802,
      "y2": 575.4961713896856,
      "angle": 1.673154459354,
      "arrowType": "triangle",
      "id": "line_1765452653453"
    },
    {
      "type": "line",
      "x1": 538.6122742470449,
      "y1": 581.2725606176589,
      "x2": 533.3570300669329,
      "y2": 555.8564480145773,
      "angle": -1.7746912325506006,
      "arrowType": "triangle",
      "id": "line_1765452657075"
    },
    {
      "type": "line",
      "x1": 459.2580871273539,
      "y1": 282.05559860865276,
      "x2": 485.5343080279138,
      "y2": 265.88170877032815,
      "angle": -0.5517628437516461,
      "arrowType": "triangle",
      "id": "line_1765452715207"
    },
    {
      "type": "number",
      "x": 171.2707060572171,
      "y": 475.56463774575127,
      "strokeNumber": 1,
      "size": "medium",
      "id": "number_1765452735490"
    },
    {
      "type": "number",
      "x": 413.0119383423684,
      "y": 325.9561567412483,
      "strokeNumber": 2,
      "size": "medium",
      "id": "number_1765452749076"
    },
    {
      "type": "number",
      "x": 334.7088000586998,
      "y": 793.2660452842712,
      "strokeNumber": 3,
      "size": "medium",
      "id": "number_1765452760486"
    }
  ],
  "exportDate": "2025-12-11T11:32:52.251Z"
}
