{
  "svgViewBox": {
    "x": 0,
    "y": 0,
    "width": 200,
    "height": 200
  },
  "svgBounds": {
    "x": 100,
    "y": 100,
    "width": 496.1500244140625,
    "height": 623.8499755859375
  },
  "svgPath": "M 475.05 640.92 Q 417.80 640.92 384.77 624.04 Q 351.74 607.16 332.66 578.53 Q 309.91 617.43 281.28 629.17 Q 252.66 640.92 219.63 640.92 Q 166.06 640.92 133.03 600.55 Q 100.00 560.18 100.00 489.72 Q 100.00 418.53 131.19 368.62 Q 162.39 318.72 220.00 291.93 Q 277.61 265.14 355.41 265.14 Q 414.13 265.14 459.63 280.18 Q 505.14 295.23 545.50 320.92 L 509.54 369.36 Q 472.11 345.14 435.78 332.66 Q 399.45 320.18 351.01 320.18 Q 260.00 320.18 210.46 363.49 Q 160.92 406.79 160.92 487.52 Q 160.92 538.90 178.90 560.92 Q 196.88 582.94 228.44 582.94 Q 262.94 582.94 282.39 559.08 Q 301.83 535.23 304.77 496.33 H 362.02 Q 363.49 519.82 371.56 539.27 Q 379.63 558.72 397.25 568.99 Q 393.58 560.18 391.38 549.91 Q 389.17 539.63 389.17 528.62 Q 389.17 487.52 417.43 462.57 Q 445.69 437.61 491.93 437.61 Q 538.17 437.61 567.16 464.77 Q 596.15 491.93 596.15 533.03 Q 596.15 588.81 561.28 614.86 Q 526.42 640.92 475.05 640.92 Z M 440.55 541.10 Q 440.55 553.58 444.22 564.95 Q 447.89 576.33 453.76 585.14 Q 464.77 585.87 477.98 585.87 Q 537.43 585.87 537.43 537.43 Q 537.43 514.68 523.85 504.40 Q 510.28 494.13 488.99 494.13 Q 469.17 494.13 454.86 504.77 Q 440.55 515.41 440.55 541.10 Z M 300.37 723.85 305.50 620.37 H 360.55 L 366.42 723.85 Z M 326.79 320.18 Q 305.50 320.18 286.06 312.11 Q 266.61 304.04 250.46 281.65 Q 234.31 259.27 222.57 218.17 L 283.49 198.35 Q 294.50 238.72 304.77 251.93 Q 315.05 265.14 331.19 265.14 Q 345.87 265.14 358.72 255.96 Q 371.56 246.79 395.05 217.43 L 417.80 188.07 Q 442.75 155.78 463.67 136.70 Q 484.59 117.61 508.07 108.81 Q 531.56 100.00 563.85 100.00 L 568.26 156.51 Q 542.57 157.98 525.32 164.59 Q 508.07 171.19 493.76 185.50 Q 479.45 199.82 460.37 224.04 L 443.49 246.06 Q 412.66 285.69 386.24 302.94 Q 359.82 320.18 326.79 320.18 Z",
  "centerlinePath": "M 518.87 337.37 L 487.28 321.44 L 447.93 306.24 L 409.18 296.11 L 360.89 291.77 L 312.01 291.77 L 258.95 303.35 L 214.24 324.34 L 173.10 361.26 L 146.28 409.03 L 135.55 453.18 L 132.57 495.17 L 137.34 534.26 L 151.64 571.90 L 178.47 600.13 L 216.03 613.16 L 254.18 608.09 L 283.99 592.16 L 311.41 562.49 L 328.10 520.50 L 351.35 559.59 L 381.76 589.27 L 421.70 608.09 L 466.41 613.16 L 511.72 608.81 L 546.29 588.54 L 564.18 542.94 L 558.22 495.89 L 523.64 472.73 L 472.97 469.11 L 434.81 483.59 L 419.91 517.61 L 418.72 560.31 L 426.47 593.61M 252.39 216.49 L 263.12 246.89 L 281.01 272.95 L 306.05 288.87 L 339.43 287.42 L 376.99 278.74 L 399.64 251.95 L 421.70 225.90 L 444.95 198.39 L 468.80 169.44 L 500.39 147.00 L 542.12 128.90M 332.87 629.80 L 331.68 668.89 L 332.28 708.70",
  "items": [
    {
      "type": "line",
      "x1": 133.923832819221,
      "y1": 504.1666942525793,
      "x2": 140.23012521837123,
      "y2": 534.2039152993096,
      "angle": 1.3638527277825445,
      "arrowType": "triangle",
      "id": "line_1765451133247"
    },
    {
      "type": "line",
      "x1": 532.2713026988778,
      "y1": 595.4336351253369,
      "x2": 542.256265664199,
      "y2": 582.7255800671048,
      "angle": -0.9048240455166746,
      "arrowType": "triangle",
      "id": "line_1765451147383"
    },
    {
      "type": "line",
      "x1": 482.3464878722717,
      "y1": 157.00573561633078,
      "x2": 500.7398407031266,
      "y2": 148.91879148836492,
      "angle": -0.41422757306929653,
      "arrowType": "triangle",
      "id": "line_1765451175545"
    },
    {
      "type": "number",
      "x": 140.23012521837123,
      "y": 420.9866975077876,
      "strokeNumber": 1,
      "size": "medium",
      "id": "number_1765451203421"
    },
    {
      "type": "number",
      "x": 424.5388075467278,
      "y": 220.54601090749108,
      "strokeNumber": 2,
      "size": "medium",
      "id": "number_1765451210099"
    },
    {
      "type": "number",
      "x": 333.0975677590494,
      "y": 676.8807152712786,
      "strokeNumber": 3,
      "size": "medium",
      "id": "number_1765451218907"
    }
  ],
  "exportDate": "2025-12-11T11:07:05.768Z"
}
