{
  "svgViewBox": {
    "x": 0,
    "y": 0,
    "width": 200,
    "height": 200
  },
  "svgBounds": {
    "x": 100,
    "y": 100,
    "width": 714.9199829101562,
    "height": 800
  },
  "svgPath": "M 603.87 900.00 Q 544.20 900.00 502.21 875.69 Q 460.22 851.38 422.65 808.29 Q 392.82 849.17 356.91 874.59 Q 320.99 900.00 261.33 900.00 Q 202.76 900.00 167.40 875.69 Q 132.04 851.38 116.02 813.26 Q 100.00 775.14 100.00 734.25 Q 100.00 662.43 145.30 618.78 Q 190.61 575.14 255.80 575.14 Q 295.58 575.14 326.52 588.95 Q 357.46 602.76 387.29 632.04 Q 417.13 661.33 452.49 708.84 Q 482.32 747.51 505.52 770.72 Q 528.73 793.92 553.04 803.31 Q 577.35 812.71 609.39 812.71 Q 664.64 812.71 693.92 777.35 Q 723.20 741.99 723.20 665.75 Q 723.20 588.40 692.27 516.57 Q 661.33 444.75 607.18 382.87 Q 553.04 320.99 482.87 271.27 Q 412.71 221.55 335.36 188.40 L 377.35 100.00 Q 453.59 132.04 530.94 185.64 Q 608.29 239.23 672.38 311.60 Q 736.46 383.98 775.69 473.48 Q 814.92 562.98 814.92 667.96 Q 814.92 777.35 759.67 838.67 Q 704.42 900.00 603.87 900.00 Z M 186.19 736.46 Q 186.19 770.72 207.73 793.92 Q 229.28 817.13 266.85 817.13 Q 302.21 817.13 326.52 797.24 Q 350.83 777.35 368.51 739.78 Q 336.46 696.69 313.81 677.35 Q 291.16 658.01 258.01 658.01 Q 227.07 658.01 206.63 677.90 Q 186.19 697.79 186.19 736.46 Z",
  "centerlinePath": "M 412.23 747.50 L 387.78 696.20 L 358.45 660.20 L 307.11 621.50 L 241.91 617.90 L 178.35 643.10 L 144.94 705.20 L 153.09 781.70 L 184.05 837.50 L 260.66 851.00 L 325.85 840.20 L 368.23 809.60 L 404.08 766.40 L 410.60 756.50 L 449.72 786.20 L 490.46 816.80 L 552.40 842.90 L 616.78 852.80 L 682.79 841.10 L 733.31 799.70 L 761.02 742.10 L 773.24 672.80 L 772.43 608.00 L 755.31 539.60 L 730.05 477.50 L 704.79 426.20 L 669.75 379.40 L 632.26 335.30 L 591.51 293.90 L 547.51 256.10 L 499.43 218.30 L 444.83 191.30 L 408.16 168.80 L 371.49 148.10",
  "items": [
    {
      "type": "line",
      "x1": 147.12387823799446,
      "y1": 740.5092592592592,
      "x2": 156.55863520876355,
      "y2": 777.5462962962962,
      "angle": 1.3213629532921574,
      "arrowType": "triangle",
      "id": "line_1765469878832"
    },
    {
      "type": "line",
      "x1": 556.8618952542525,
      "y1": 838.2870370370371,
      "x2": 587.861811015351,
      "y2": 844.2129629629629,
      "angle": 0.18888073171683803,
      "arrowType": "triangle",
      "id": "line_1765469883236"
    },
    {
      "type": "line",
      "x1": 629.6443061716142,
      "y1": 341.99074074074076,
      "x2": 598.6443904105158,
      "y2": 303.47222222222223,
      "angle": -2.248460594142597,
      "arrowType": "triangle",
      "id": "line_1765469888347"
    },
    {
      "type": "number",
      "x": 259.6670506750259,
      "y": 619.7685185185186,
      "strokeNumber": 1,
      "size": "medium",
      "id": "number_1765469895807"
    }
  ],
  "exportDate": "2025-12-11T16:18:22.612Z"
}
