{
  "svgViewBox": {
    "x": 0,
    "y": 0,
    "width": 200,
    "height": 200
  },
  "svgBounds": {
    "x": 100,
    "y": 100,
    "width": 603.5499877929688,
    "height": 800
  },
  "svgPath": "M 377.22 345.57 Q 504.91 345.57 576.94 416.51 Q 648.98 487.45 648.98 612.96 Q 648.98 681.72 635.88 734.11 Q 622.78 786.49 603.68 826.88 Q 584.58 867.26 563.85 900.00 L 473.26 859.62 Q 494.00 829.06 513.64 796.32 Q 533.29 763.57 545.84 721.56 Q 558.39 679.54 558.39 623.87 Q 558.39 570.40 540.93 525.65 Q 523.47 480.90 482.54 454.16 Q 441.61 427.42 371.76 427.42 Q 288.81 427.42 239.70 478.72 Q 190.59 530.01 190.59 622.78 Q 190.59 697.00 214.60 753.21 Q 238.61 809.41 275.72 859.62 L 185.13 900.00 Q 148.02 843.25 124.01 773.40 Q 100.00 703.55 100.00 623.87 Q 100.00 548.57 131.11 485.27 Q 162.21 421.96 223.87 383.77 Q 285.54 345.57 377.22 345.57 Z M 344.47 427.42 Q 312.82 427.42 283.90 415.42 Q 254.98 403.41 230.97 370.12 Q 206.96 336.83 189.50 275.72 L 280.08 246.25 Q 296.45 306.28 311.73 325.92 Q 327.01 345.57 351.02 345.57 Q 372.85 345.57 391.95 331.92 Q 411.05 318.28 445.98 274.62 L 479.81 230.97 Q 516.92 182.95 548.02 154.57 Q 579.13 126.19 614.05 113.10 Q 648.98 100.00 697.00 100.00 L 703.55 184.04 Q 665.35 186.22 639.70 196.04 Q 614.05 205.87 592.77 227.15 Q 571.49 248.43 543.11 284.45 L 518.01 317.19 Q 472.17 376.13 432.88 401.77 Q 393.59 427.42 344.47 427.42 Z",
  "centerlinePath": "M 219.20 863.60 L 195.99 829.40 L 174.88 788.90 L 157.29 739.40 L 147.44 694.40 L 143.92 646.70 L 146.74 599.90 L 153.07 557.60 L 167.84 513.50 L 193.88 475.70 L 221.31 443.30 L 258.60 413.60 L 304.33 395.60 L 388.06 390.20 L 438.71 397.40 L 487.96 411.80 L 535.10 437.90 L 569.57 475.70 L 587.86 519.80 L 596.31 572.00 L 601.23 626.00 L 597.71 679.10 L 589.97 727.70 L 575.90 778.10 L 560.43 825.80 L 532.99 869.00M 236.09 273.20 L 249.46 312.80 L 272.67 355.10 L 314.89 388.40 L 353.58 387.50 L 406.35 373.10 L 435.19 346.10 L 461.93 318.20 L 490.07 288.50 L 518.21 253.40 L 552.69 215.60 L 585.05 182.30 L 632.19 157.10 L 676.51 142.70",
  "items": [
    {
      "type": "line",
      "x1": 148.0474225040154,
      "y1": 696.8055555555555,
      "x2": 146.69960007961978,
      "y2": 659.7685185185185,
      "angle": -1.6071714804745298,
      "arrowType": "triangle",
      "id": "line_1765447168331"
    },
    {
      "type": "line",
      "x1": 598.8940234643387,
      "y1": 573.8425925925926,
      "x2": 600.2418458887345,
      "y2": 610.8796296296297,
      "angle": 1.5344211731152597,
      "arrowType": "triangle",
      "id": "line_1765447173889"
    },
    {
      "type": "line",
      "x1": 494.4377855736809,
      "y1": 284.9537037037037,
      "x2": 508.5899210298346,
      "y2": 267.1759259259259,
      "angle": -0.8984639023781982,
      "arrowType": "triangle",
      "id": "line_1765447181326"
    },
    {
      "type": "number",
      "x": 178.37342705291604,
      "y": 790.8796296296297,
      "strokeNumber": 1,
      "size": "medium",
      "id": "number_1765447191573"
    },
    {
      "type": "number",
      "x": 602.2635795253278,
      "y": 172.36111111111111,
      "strokeNumber": 2,
      "size": "medium",
      "id": "number_1765447197937"
    }
  ],
  "exportDate": "2025-12-11T10:00:04.650Z"
}
