{
  "svgViewBox": {
    "x": 0,
    "y": 0,
    "width": 200,
    "height": 200
  },
  "svgBounds": {
    "x": 100,
    "y": 260.5799865722656,
    "width": 725.5499877929688,
    "height": 620.4400634765625
  },
  "svgPath": "M 432.85 798.54 Q 393.43 798.54 365.69 782.48 Q 337.96 766.42 313.14 737.96 Q 293.43 764.96 269.71 781.75 Q 245.99 798.54 206.57 798.54 Q 167.88 798.54 144.53 782.48 Q 121.17 766.42 110.58 741.24 Q 100.00 716.06 100.00 689.05 Q 100.00 641.61 129.93 612.77 Q 159.85 583.94 202.92 583.94 Q 229.20 583.94 249.64 593.07 Q 270.07 602.19 289.78 621.53 Q 309.49 640.88 332.85 672.26 Q 352.55 697.81 367.88 713.14 Q 383.21 728.47 399.27 734.67 Q 415.33 740.88 436.50 740.88 Q 472.99 740.88 492.34 717.15 Q 511.68 693.43 511.68 648.91 Q 511.68 606.57 494.89 574.82 Q 478.10 543.07 448.91 520.07 Q 419.71 497.08 383.21 481.02 L 410.95 424.82 Q 456.20 443.80 492.70 475.91 Q 529.20 508.03 550.73 550.73 Q 572.26 593.43 572.26 645.26 Q 572.26 659.85 570.80 672.99 Q 598.54 707.30 627.01 724.09 Q 655.47 740.88 688.32 740.88 Q 725.55 740.88 745.26 717.15 Q 764.96 693.43 764.96 648.91 Q 764.96 606.57 747.81 574.82 Q 730.66 543.07 701.82 520.07 Q 672.99 497.08 636.50 481.02 L 663.50 424.82 Q 708.76 443.80 745.26 475.91 Q 781.75 508.03 803.65 550.36 Q 825.55 592.70 825.55 644.53 Q 825.55 716.79 789.05 757.66 Q 752.55 798.54 683.21 798.54 Q 643.07 798.54 610.58 781.02 Q 578.10 763.50 552.55 734.31 Q 517.52 798.54 432.85 798.54 Z M 156.93 690.51 Q 156.93 713.14 171.17 728.47 Q 185.40 743.80 210.22 743.80 Q 233.58 743.80 249.64 730.66 Q 265.69 717.52 277.37 692.70 Q 256.20 664.23 241.24 651.46 Q 226.28 638.69 204.38 638.69 Q 183.94 638.69 170.44 651.82 Q 156.93 664.96 156.93 690.51 Z M 283.21 881.02 288.32 778.10 H 343.07 L 348.91 881.02 Z M 222.63 479.56 Q 201.46 479.56 182.12 471.53 Q 162.77 463.50 146.72 441.24 Q 130.66 418.98 118.98 378.10 L 179.56 358.39 Q 190.51 398.54 200.73 411.68 Q 210.95 424.82 227.01 424.82 Q 241.61 424.82 254.38 415.69 Q 267.15 406.57 290.51 377.37 L 313.14 348.18 Q 337.96 316.06 358.76 297.08 Q 379.56 278.10 402.92 269.34 Q 426.28 260.58 458.39 260.58 L 462.77 316.79 Q 437.23 318.25 420.07 324.82 Q 402.92 331.39 388.69 345.62 Q 374.45 359.85 355.47 383.94 L 338.69 405.84 Q 308.03 445.26 281.75 462.41 Q 255.47 479.56 222.63 479.56 Z",
  "centerlinePath": "M 293.12 669.50 L 263.40 638.52 L 218.00 616.91 L 171.77 620.51 L 138.75 650.77 L 132.14 696.16 L 150.30 741.54 L 190.76 771.08 L 235.34 766.04 L 270.83 743.71 L 292.30 716.33 L 304.68 686.79 L 336.05 722.09 L 370.73 751.63 L 414.48 768.92 L 464.84 766.04 L 503.64 744.43 L 530.88 711.29 L 544.92 663.02 L 538.31 614.75 L 523.45 573.68 L 500.34 534.06 L 466.49 498.76 L 431.82 474.26 L 405.40 455.53M 548.22 691.11 L 572.99 717.05 L 601.88 743.71 L 636.55 763.16 L 677.01 769.64 L 720.76 766.76 L 760.39 745.15 L 785.15 706.24 L 797.54 658.69 L 795.88 611.14 L 782.68 574.40 L 757.91 536.94 L 725.71 503.80 L 691.04 474.98 L 659.67 451.21M 152.78 377.00 L 165.16 403.66 L 188.28 434.64 L 221.30 451.93 L 269.18 438.96 L 293.95 413.02 L 326.97 379.88 L 350.91 344.58 L 380.63 318.65 L 416.13 298.47 L 454.11 289.11M 313.76 790.53 L 315.41 825.12 L 317.07 866.18",
  "items": [
    {
      "type": "line",
      "x1": 463.6917869060787,
      "y1": 764.0700758227596,
      "x2": 500.3635072898527,
      "y2": 739.8850762296606,
      "angle": -0.5830246404985109,
      "arrowType": "triangle",
      "id": "line_1765447332155"
    },
    {
      "type": "line",
      "x1": 524.8113208790354,
      "y1": 573.2773012549789,
      "x2": 505.8642653474187,
      "y2": 545.0614683963634,
      "angle": -2.1621406471235276,
      "arrowType": "triangle",
      "id": "line_1765447340216"
    },
    {
      "type": "line",
      "x1": 798.0156377381518,
      "y1": 670.0172996273747,
      "x2": 796.7932470586926,
      "y2": 640.4578556802537,
      "angle": -1.6121264202378627,
      "arrowType": "triangle",
      "id": "line_1765447348197"
    },
    {
      "type": "line",
      "x1": 333.507179543681,
      "y1": 369.0484158021432,
      "x2": 348.78706303692013,
      "y2": 351.5814716515717,
      "angle": -0.8520860747942667,
      "arrowType": "triangle",
      "id": "line_1765447356984"
    },
    {
      "type": "line",
      "x1": 137.31347549049002,
      "y1": 717.0436877250671,
      "x2": 135.47988947130133,
      "y2": 684.7970216009352,
      "angle": -1.6275964226059196,
      "arrowType": "triangle",
      "id": "line_1765447395956"
    },
    {
      "type": "number",
      "x": 179.48595393183012,
      "y": 766.0854924555179,
      "strokeNumber": 1,
      "size": "small",
      "id": "number_1765447404888"
    },
    {
      "type": "number",
      "x": 765.0110893927551,
      "y": 739.2132706854078,
      "strokeNumber": 2,
      "size": "small",
      "id": "number_1765447414053"
    },
    {
      "type": "number",
      "x": 263.83091081451033,
      "y": 437.57258131592357,
      "strokeNumber": 3,
      "size": "small",
      "id": "number_1765447423925"
    },
    {
      "type": "number",
      "x": 315.7825146915235,
      "y": 854.7638242968807,
      "strokeNumber": 4,
      "size": "small",
      "id": "number_1765447430829"
    }
  ],
  "exportDate": "2025-12-11T10:03:55.306Z"
}
