{
  "svgViewBox": {
    "x": 0,
    "y": 0,
    "width": 200,
    "height": 200
  },
  "svgBounds": {
    "x": 100,
    "y": 282.760009765625,
    "width": 821.5999755859375,
    "height": 612.260009765625
  },
  "svgPath": "M 478.82 895.02 Q 433.96 895.02 402.39 876.74 Q 370.82 858.46 342.58 826.06 Q 320.15 856.80 293.15 875.91 Q 266.15 895.02 221.29 895.02 Q 177.26 895.02 150.67 876.74 Q 124.09 858.46 112.05 829.80 Q 100.00 801.14 100.00 770.40 Q 100.00 716.41 134.06 683.59 Q 168.12 650.78 217.13 650.78 Q 247.04 650.78 270.30 661.16 Q 293.56 671.55 315.99 693.56 Q 338.42 715.58 365.01 751.30 Q 387.44 780.37 404.88 797.82 Q 422.33 815.26 440.60 822.33 Q 458.88 829.39 482.97 829.39 Q 524.51 829.39 546.52 802.80 Q 568.54 776.22 568.54 728.04 Q 568.54 682.35 549.01 645.79 Q 529.49 609.24 496.26 580.58 Q 463.03 551.92 423.16 531.98 L 453.06 469.68 H 745.48 Q 799.48 469.68 829.80 476.32 Q 860.12 482.97 882.55 501.25 Q 900.00 514.54 910.80 537.38 Q 921.60 560.23 921.60 591.80 Q 921.60 644.13 890.03 673.21 Q 858.46 702.28 804.47 702.28 Q 762.93 702.28 738.01 686.50 Q 713.08 670.72 701.87 646.63 Q 690.65 622.53 690.65 599.27 Q 690.65 578.50 695.64 562.31 Q 700.62 546.11 708.93 531.98 H 536.14 Q 580.17 565.21 608.83 614.64 Q 637.49 664.07 637.49 724.71 Q 637.49 803.63 596.37 849.33 Q 555.24 895.02 478.82 895.02 Z M 751.30 591.80 Q 751.30 616.72 765.84 632.09 Q 780.37 647.46 807.79 647.46 Q 836.86 647.46 848.91 632.09 Q 860.96 616.72 860.96 594.29 Q 860.96 559.40 839.77 545.69 Q 818.59 531.98 780.37 531.98 H 772.90 Q 751.30 560.23 751.30 591.80 Z M 164.80 772.07 Q 164.80 797.82 181.00 815.26 Q 197.20 832.71 225.44 832.71 Q 252.02 832.71 270.30 817.76 Q 288.58 802.80 301.87 774.56 Q 277.78 742.16 260.75 727.62 Q 243.72 713.08 218.80 713.08 Q 195.53 713.08 180.17 728.04 Q 164.80 742.99 164.80 772.07 Z M 239.56 531.98 Q 215.47 531.98 193.46 522.85 Q 171.44 513.71 153.17 488.37 Q 134.89 463.03 121.60 416.51 L 190.55 394.08 Q 203.01 439.77 214.64 454.72 Q 226.27 469.68 244.55 469.68 Q 261.16 469.68 275.70 459.29 Q 290.24 448.91 316.82 415.68 L 342.58 382.45 Q 370.82 345.90 394.50 324.30 Q 418.17 302.70 444.76 292.73 Q 471.34 282.76 507.89 282.76 L 512.88 346.73 Q 483.80 348.39 464.28 355.87 Q 444.76 363.34 428.56 379.54 Q 412.36 395.74 390.76 423.16 L 371.65 448.08 Q 336.76 492.94 306.85 512.46 Q 276.95 531.98 239.56 531.98 Z",
  "centerlinePath": "M 314.04 744.87 L 289.16 714.96 L 262.43 691.46 L 221.88 682.91 L 175.80 690.74 L 142.62 722.08 L 135.25 763.39 L 143.54 810.40 L 169.35 849.58 L 208.05 863.11 L 252.29 857.41 L 287.31 839.61 L 317.72 811.12 L 338.00 777.64 L 365.65 809.69 L 396.98 833.20 L 429.24 856.70 L 476.24 860.97 L 522.32 853.85 L 559.18 836.76 L 584.99 805.42 L 599.73 760.54 L 600.66 709.97 L 594.20 669.38 L 578.54 628.78 L 555.50 597.44 L 527.85 568.23 L 502.04 541.88 L 466.10 511.97 L 448.59 497.72 L 488.22 497.72 L 539.83 497.72 L 585.91 499.15 L 638.44 498.43 L 689.13 499.15 L 744.43 499.86 L 803.41 501.99 L 850.41 515.53 L 882.67 547.58 L 892.80 587.47 L 889.12 625.22 L 864.23 654.42 L 818.15 673.65 L 774.84 672.22 L 743.50 655.84 L 729.68 622.37 L 727.84 583.19 L 737.05 544.02 L 752.72 511.97M 157.37 412.96 L 170.27 448.57 L 195.15 481.34 L 226.49 501.28 L 269.80 496.30 L 298.37 475.64 L 326.94 445.73 L 355.51 415.81 L 379.47 383.05 L 410.81 352.42 L 447.67 329.63 L 495.59 317.52",
  "items": [
    {
      "type": "line",
      "x1": 146.4057605619047,
      "y1": 821.4389429233692,
      "x2": 176.85845951378852,
      "y2": 842.7396830311528,
      "angle": 0.6103699676387345,
      "arrowType": "triangle",
      "id": "line_1765468993279"
    },
    {
      "type": "line",
      "x1": 588.6620021585807,
      "y1": 794.0522770705046,
      "x2": 592.8146429247467,
      "y2": 774.2730183989914,
      "angle": -1.3638527277825374,
      "arrowType": "triangle",
      "id": "line_1765468997298"
    },
    {
      "type": "line",
      "x1": 893.8810984717795,
      "y1": 564.3085801936961,
      "x2": 886.2679237338086,
      "y2": 608.4315418455335,
      "angle": 1.741658477484872,
      "arrowType": "triangle",
      "id": "line_1765469004854"
    },
    {
      "type": "line",
      "x1": 327.04563389012446,
      "y1": 445.6330281646163,
      "x2": 343.65619695478836,
      "y2": 424.33228805683274,
      "angle": -0.9084872125692631,
      "arrowType": "triangle",
      "id": "line_1765469010899"
    },
    {
      "type": "number",
      "x": 138.1004790295728,
      "y": 734.7145010559647,
      "strokeNumber": 1,
      "size": "medium",
      "id": "number_1765469018235"
    },
    {
      "type": "number",
      "x": 812.9046035315431,
      "y": 508.01376705169673,
      "strokeNumber": 1,
      "size": "medium",
      "id": "number_1765469021440"
    },
    {
      "type": "number",
      "x": 187.24006142920345,
      "y": 484.43080478950776,
      "strokeNumber": 2,
      "size": "medium",
      "id": "number_1765469030105"
    }
  ],
  "exportDate": "2025-12-11T16:03:52.842Z"
}
