{
  "svgViewBox": {
    "x": 0,
    "y": 0,
    "width": 200,
    "height": 200
  },
  "svgBounds": {
    "x": 49,
    "y": 475.29998779296875,
    "width": 498.010009765625,
    "height": 475.70001220703125
  },
  "svgPath": "M 264.94 883.27 Q 178.88 883.27 139.44 852.19 Q 100.00 821.12 100.00 768.53 Q 100.00 718.33 140.64 688.84 Q 181.27 659.36 258.57 659.36 Q 323.90 659.36 373.71 682.47 Q 423.51 705.58 456.18 740.64 Q 480.88 702.39 480.88 645.82 Q 480.88 587.65 457.77 562.95 Q 434.66 538.25 399.60 538.25 Q 364.54 538.25 344.22 562.15 Q 323.90 586.06 317.53 620.32 H 255.38 Q 241.04 535.06 172.51 535.06 Q 143.03 535.06 129.08 549.00 Q 115.14 562.95 115.14 583.67 Q 115.14 596.41 118.73 609.56 Q 122.31 622.71 126.29 630.68 L 65.74 648.21 Q 59.36 634.66 54.18 617.53 Q 49.00 600.40 49.00 577.29 Q 49.00 546.22 65.34 523.51 Q 81.67 500.80 109.16 488.05 Q 136.65 475.30 170.12 475.30 Q 210.76 475.30 238.25 491.63 Q 265.74 507.97 286.45 543.82 Q 310.36 503.19 341.43 489.24 Q 372.51 475.30 405.18 475.30 Q 445.82 475.30 477.69 495.62 Q 509.56 515.94 528.29 553.78 Q 547.01 591.63 547.01 645.02 Q 547.01 692.83 533.07 729.48 Q 519.12 766.14 492.83 794.82 Q 511.16 833.07 511.16 873.71 Q 511.16 893.63 507.97 913.15 Q 504.78 932.67 496.81 951.00 L 438.65 939.04 Q 444.22 925.50 447.01 908.76 Q 449.80 892.03 449.80 870.52 Q 449.80 851.39 445.02 833.86 Q 410.76 856.97 367.73 870.12 Q 324.70 883.27 264.94 883.27 Z M 166.14 768.53 Q 166.14 794.82 190.04 809.16 Q 213.94 823.51 266.53 823.51 Q 311.95 823.51 351.00 813.15 Q 390.04 802.79 417.13 782.07 Q 393.23 753.39 352.59 736.25 Q 311.95 719.12 258.57 719.12 Q 213.15 719.12 189.64 732.27 Q 166.14 745.42 166.14 768.53 Z",
  "centerlinePath": "M 86.01 617.01 L 78.83 577.86 L 89.00 538.14 L 121.89 517.41 L 161.36 504.75 L 201.43 508.20 L 231.33 522.59 L 255.25 547.92 L 271.39 574.98 L 282.76 597.43 L 297.11 566.92 L 324.62 538.71 L 356.31 515.68 L 395.18 506.47 L 434.65 509.93 L 468.74 527.20 L 493.85 557.71 L 507.01 591.68 L 514.19 625.64 L 514.78 665.37 L 510.60 702.21 L 494.45 741.36 L 471.13 769.57 L 444.22 800.66 L 409.53 824.84 L 371.86 841.53 L 326.41 847.86 L 279.17 853.05 L 230.13 851.32 L 183.49 839.23 L 151.79 815.05 L 135.05 777.05 L 138.64 737.33 L 163.15 711.42 L 203.82 696.45 L 249.27 690.70 L 287.54 694.15 L 332.99 700.48 L 368.87 715.45 L 399.97 733.30 L 432.26 754.02 L 455.58 775.33 L 470.53 813.90 L 478.31 850.17 L 478.90 888.74 L 475.91 924.43",
  "items": [
    {
      "type": "line",
      "x1": 177.39353339126404,
      "y1": 505.96284342165353,
      "x2": 201.30606860871885,
      "y2": 511.4962879746049,
      "angle": 0.22740097206992527,
      "arrowType": "triangle",
      "id": "line_1765469332051"
    },
    {
      "type": "line",
      "x1": 513.8470990824705,
      "y1": 647.0656795219138,
      "x2": 513.4275809207609,
      "y2": 673.8106615278456,
      "angle": 1.586480904923436,
      "arrowType": "triangle",
      "id": "line_1765469335185"
    },
    {
      "type": "line",
      "x1": 333.8738077089948,
      "y1": 844.4252019105135,
      "x2": 315.8345267554762,
      "y2": 847.1919241869892,
      "angle": 2.9894064580368545,
      "arrowType": "triangle",
      "id": "line_1765469339334"
    },
    {
      "type": "line",
      "x1": 254.16535698414535,
      "y1": 691.333235945525,
      "x2": 276.3998195547612,
      "y2": 693.1777174631754,
      "angle": 0.08276646418389857,
      "arrowType": "triangle",
      "id": "line_1765469341724"
    },
    {
      "type": "line",
      "x1": 480.7051643074015,
      "y1": 842.580720392863,
      "x2": 479.86612798398215,
      "y2": 874.8591469517461,
      "angle": 1.5967841929307407,
      "arrowType": "triangle",
      "id": "line_1765469347256"
    },
    {
      "type": "number",
      "x": 121.59761788386945,
      "y": 518.4130936657941,
      "strokeNumber": 1,
      "size": "medium",
      "id": "number_1765469354395"
    }
  ],
  "exportDate": "2025-12-11T16:09:16.587Z"
}
