{
  "svgViewBox": {
    "x": 0,
    "y": 0,
    "width": 200,
    "height": 200
  },
  "svgBounds": {
    "x": 18.559999465942383,
    "y": 307.8500061035156,
    "width": 792.3599853515625,
    "height": 625.2400512695312
  },
  "svgPath": "M 693.85 900.00 Q 652.28 900.00 625.98 883.88 Q 599.68 867.76 587.38 844.01 Q 575.08 820.25 575.08 797.35 Q 575.08 775.29 582.71 757.05 Q 590.35 738.81 603.92 725.24 H 515.69 Q 514.85 787.17 487.27 834.25 Q 459.70 881.34 410.07 907.21 Q 360.45 933.09 293.43 933.09 Q 226.41 933.09 176.78 907.21 Q 127.15 881.34 99.58 834.25 Q 72.00 787.17 72.00 725.24 H 18.56 V 664.16 H 77.94 Q 100.00 567.44 183.14 524.18 Q 172.11 510.60 162.78 491.09 Q 153.45 471.58 145.81 444.43 L 216.22 421.53 Q 228.95 468.19 240.83 483.46 Q 252.70 498.73 271.37 498.73 Q 288.34 498.73 303.18 488.12 Q 318.03 477.52 345.17 443.58 L 371.47 409.65 Q 400.32 372.32 424.50 350.27 Q 448.67 328.21 475.82 318.03 Q 502.97 307.85 540.30 307.85 L 545.39 373.17 Q 515.69 374.87 495.76 382.50 Q 475.82 390.14 459.28 406.68 Q 442.74 423.22 420.68 451.22 L 401.17 476.67 Q 385.90 496.18 372.32 510.60 Q 425.77 527.57 461.82 567.44 Q 497.88 607.32 509.76 664.16 H 631.07 Q 665.85 664.16 691.30 667.55 Q 715.91 654.83 727.36 639.98 Q 738.81 625.13 738.81 609.86 Q 738.81 592.05 728.21 580.59 Q 717.60 569.14 697.24 569.14 Q 674.34 569.14 659.92 582.29 Q 645.49 595.44 631.92 615.80 L 570.84 592.05 Q 590.35 558.11 620.04 535.63 Q 649.73 513.15 695.55 513.15 Q 743.05 513.15 772.75 537.75 Q 802.44 562.35 802.44 604.77 Q 802.44 631.92 790.14 651.86 Q 777.84 671.79 757.48 687.06 Q 765.11 691.30 771.90 697.24 Q 789.71 711.66 800.32 734.57 Q 810.92 757.48 810.92 789.71 Q 810.92 841.46 779.96 870.73 Q 748.99 900.00 693.85 900.00 Z M 293.43 562.35 Q 230.65 562.35 194.59 591.62 Q 158.54 620.89 146.66 664.16 H 440.19 Q 427.47 619.19 391.41 590.77 Q 355.36 562.35 293.43 562.35 Z M 293.43 866.07 Q 369.78 866.07 407.10 826.19 Q 444.43 786.32 446.98 725.24 H 140.72 Q 144.11 788.87 181.44 827.47 Q 218.77 866.07 293.43 866.07 Z M 637.01 792.26 Q 637.01 818.56 652.70 831.28 Q 668.40 844.01 693.85 844.01 Q 721.85 844.01 735.42 828.74 Q 748.99 813.47 748.99 789.71 Q 748.99 759.17 731.60 743.90 Q 714.21 728.63 684.52 726.09 Q 659.07 739.66 648.04 756.20 Q 637.01 772.75 637.01 792.26 Z",
  "centerlinePath": "M 195.67 550.12 L 163.54 571.15 L 141.23 596.54 L 124.28 632.07 L 115.35 670.51 L 110.89 714.75 L 114.46 761.17 L 127.85 802.51 L 151.05 841.67 L 179.60 867.05 L 217.97 885.91 L 257.24 894.61 L 301.86 896.06 L 348.26 892.44 L 386.63 880.11 L 417.86 859.07 L 444.63 832.24 L 465.16 795.25 L 476.76 751.74 L 483.01 706.05 L 476.76 659.63 L 457.13 619.74 L 428.57 584.21 L 391.98 553.75 L 352.72 537.07 L 312.56 529.82 L 275.98 529.09 L 239.39 534.17 L 218.87 541.42M 183.17 456.57 L 193.88 479.77 L 207.27 505.88 L 226.01 533.44M 308.10 526.19 L 332.20 505.88 L 351.83 484.12 L 373.25 455.12 L 396.45 429.73 L 424.11 400.72 L 453.56 371.71 L 480.33 355.03 L 516.02 344.15 L 537.44 343.43M 30.58 697.35 L 59.13 698.07 L 94.83 698.07 L 128.74 696.62 L 159.97 695.90 L 190.31 696.62 L 224.22 695.90 L 259.02 697.35 L 299.18 698.07 L 337.55 698.80 L 371.46 697.35 L 403.59 698.07 L 440.17 698.07 L 475.87 698.80 L 510.67 698.07 L 541.90 697.35 L 582.95 698.80 L 614.18 699.52 L 650.77 700.25 L 685.57 700.97 L 723.05 708.22 L 760.53 730.71 L 776.59 771.32 L 773.02 822.81 L 746.25 855.45 L 701.63 870.68 L 657.02 865.60 L 624.00 846.74 L 604.37 814.11 L 610.61 768.42 L 632.92 738.68 L 657.02 718.38 L 717.70 682.84 L 748.04 661.81 L 767.67 633.52 L 768.56 593.64 L 750.71 558.82 L 717.70 540.69 L 674.86 542.14 L 639.17 561.00 L 622.21 579.13 L 610.61 595.81",
  "items": [
    {
      "type": "line",
      "x1": 132.7316577039887,
      "y1": 815.3960906346639,
      "x2": 148.75106605074757,
      "y2": 834.4714236153495,
      "angle": 0.8722555049111556,
      "arrowType": "triangle",
      "id": "line_1765469426787"
    },
    {
      "type": "line",
      "x1": 475.1465111159603,
      "y1": 656.9240935643514,
      "x2": 457.7921520736382,
      "y2": 627.5774274402195,
      "angle": -2.104836506776831,
      "arrowType": "triangle",
      "id": "line_1765469432577"
    },
    {
      "type": "line",
      "x1": 460.4620534647647,
      "y1": 365.6584322823419,
      "x2": 489.83096876715604,
      "y2": 353.91976583268917,
      "angle": -0.38024511679852524,
      "arrowType": "triangle",
      "id": "line_1765469448171"
    },
    {
      "type": "line",
      "x1": 206.15394595996702,
      "y1": 695.8084261788263,
      "x2": 236.8578119579216,
      "y2": 697.2757594850328,
      "angle": 0.04775352290354244,
      "arrowType": "triangle",
      "id": "line_1765469456352"
    },
    {
      "type": "line",
      "x1": 776.1778929654715,
      "y1": 766.2404248767427,
      "x2": 772.8405162265634,
      "y2": 798.5217576132881,
      "angle": 1.6738144448965055,
      "arrowType": "triangle",
      "id": "line_1765469471819"
    },
    {
      "type": "line",
      "x1": 604.6367285855949,
      "y1": 820.531757206387,
      "x2": 613.3139081067559,
      "y2": 785.3157578574287,
      "angle": -1.3292099020398438,
      "arrowType": "triangle",
      "id": "line_1765469479853"
    },
    {
      "type": "line",
      "x1": 762.828386009839,
      "y1": 642.9844271553887,
      "x2": 761.4934353142758,
      "y2": 609.2357611126371,
      "angle": -1.610331373993369,
      "arrowType": "triangle",
      "id": "line_1765469485276"
    },
    {
      "type": "number",
      "x": 133.3991330517703,
      "y": 603.3664278878108,
      "strokeNumber": 1,
      "size": "medium",
      "id": "number_1765469491266"
    },
    {
      "type": "number",
      "x": 388.3747159043496,
      "y": 433.8894310209487,
      "strokeNumber": 2,
      "size": "medium",
      "id": "number_1765469510315"
    },
    {
      "type": "number",
      "x": 47.962288535722806,
      "y": 701.6777594036527,
      "strokeNumber": 3,
      "size": "medium",
      "id": "number_1765469520667"
    },
    {
      "type": "number",
      "x": 362.34317734086636,
      "y": 700.2104260974461,
      "strokeNumber": 3,
      "size": "medium",
      "id": "number_1765469523344"
    },
    {
      "type": "number",
      "x": 451.11739859582195,
      "y": 816.1297572877672,
      "strokeNumber": 1,
      "size": "medium",
      "id": "number_1765469532955"
    }
  ],
  "exportDate": "2025-12-11T16:12:16.452Z"
}
