{
  "svgViewBox": {
    "x": 0,
    "y": 0,
    "width": 200,
    "height": 200
  },
  "svgBounds": {
    "x": 100,
    "y": 167.2100067138672,
    "width": 545.0800170898438,
    "height": 419.67999267578125
  },
  "svgPath": "M 504.92 586.89 Q 461.48 586.89 431.15 570.49 Q 400.82 554.10 377.87 516.39 Q 347.54 559.02 315.16 572.95 Q 282.79 586.89 238.52 586.89 Q 193.44 586.89 163.52 570.90 Q 133.61 554.92 118.85 528.28 Q 104.10 501.64 104.10 470.49 Q 104.10 420.49 134.84 390.98 Q 165.57 361.48 225.41 340.16 Q 259.02 327.87 278.69 313.93 Q 298.36 300.00 298.36 272.95 Q 298.36 254.10 284.84 240.57 Q 271.31 227.05 236.89 227.05 Q 201.64 227.05 184.43 240.57 Q 167.21 254.10 167.21 277.87 Q 167.21 288.52 170.08 297.54 Q 172.95 306.56 175.41 312.30 L 113.93 329.51 Q 100.00 304.10 100.00 269.67 Q 100.00 243.44 113.93 220.08 Q 127.87 196.72 158.20 181.97 Q 188.52 167.21 236.89 167.21 Q 281.15 167.21 308.61 181.15 Q 336.07 195.08 349.18 216.80 Q 362.30 238.52 364.75 261.48 Q 390.16 285.25 425.00 297.13 Q 459.84 309.02 491.80 309.02 Q 555.74 309.02 555.74 268.85 Q 555.74 245.90 538.52 237.30 Q 521.31 228.69 497.54 228.69 Q 482.79 228.69 470.49 230.33 Q 458.20 231.97 447.54 233.61 L 439.34 174.59 Q 449.18 172.13 465.57 169.67 Q 481.97 167.21 504.10 167.21 Q 533.61 167.21 560.66 176.23 Q 587.70 185.25 604.92 207.38 Q 622.13 229.51 622.13 268.03 Q 622.13 311.48 588.11 340.98 Q 554.10 370.49 490.16 370.49 Q 445.90 370.49 411.48 357.79 Q 377.05 345.08 353.28 326.23 Q 340.98 348.36 316.80 363.93 Q 292.62 379.51 256.56 392.62 Q 213.11 409.02 192.21 425.82 Q 171.31 442.62 171.31 469.67 Q 171.31 493.44 188.11 507.79 Q 204.92 522.13 240.16 522.13 Q 290.98 522.13 316.80 495.49 Q 342.62 468.85 345.90 425.41 H 409.84 Q 413.11 475.41 439.34 498.77 Q 465.57 522.13 502.46 522.13 Q 540.98 522.13 559.02 505.74 Q 577.05 489.34 577.05 460.66 Q 577.05 441.80 571.31 426.23 Q 565.57 410.66 556.56 395.90 L 617.21 370.49 Q 629.51 388.52 637.30 414.34 Q 645.08 440.16 645.08 466.39 Q 645.08 522.95 608.61 554.92 Q 572.13 586.89 504.92 586.89 Z",
  "centerlinePath": "M 140.63 310.53 L 131.60 279.87 L 141.28 240.37 L 169.66 211.79 L 208.37 197.76 L 250.94 196.72 L 298.68 213.87 L 325.77 253.37 L 323.19 299.10 L 297.39 333.92 L 258.04 353.14 L 209.66 380.17 L 159.99 409.27 L 140.63 459.68 L 146.44 505.93 L 176.11 538.15 L 225.78 555.82 L 279.33 550.10 L 318.68 533.47 L 349.64 502.29 L 374.80 437.33 L 404.47 500.21 L 435.44 536.59 L 478.01 555.30 L 525.75 553.22 L 568.32 542.31 L 599.93 508.53 L 607.67 460.72 L 598.00 411.87M 332.87 278.31 L 363.83 299.62 L 409.63 319.89 L 456.08 333.40 L 513.49 336.00 L 557.36 324.04 L 586.38 286.63 L 578.64 236.74 L 539.94 206.59 L 486.40 199.84 L 450.92 202.96",
  "items": [
    {
      "type": "line",
      "x1": 152.82744163607657,
      "y1": 430.39087740933456,
      "x2": 147.3174086101494,
      "y2": 449.5696187513846,
      "angle": 1.8505604761056804,
      "arrowType": "triangle",
      "id": "line_1765448019114"
    },
    {
      "type": "line",
      "x1": 544.9581253145591,
      "y1": 551.0150663764388,
      "x2": 572.9674598630221,
      "y2": 532.845732473444,
      "angle": -0.5754527169466449,
      "arrowType": "triangle",
      "id": "line_1765448052626"
    },
    {
      "type": "line",
      "x1": 533.4788898438775,
      "y1": 329.4501335038079,
      "x2": 548.6314806651772,
      "y2": 321.3748739913658,
      "angle": -0.48964270915313035,
      "arrowType": "triangle",
      "id": "line_1765448064140"
    },
    {
      "type": "number",
      "x": 217.11116027189337,
      "y": 198.2271664266233,
      "strokeNumber": 1,
      "size": "medium",
      "id": "number_1765448081189"
    },
    {
      "type": "number",
      "x": 459.55261341268823,
      "y": 335.00187441861186,
      "strokeNumber": 2,
      "size": "medium",
      "id": "number_1765448088330"
    },
    {
      "type": "line",
      "x1": 291.0374367030827,
      "y1": 209.33064825623126,
      "x2": 307.1083663620369,
      "y2": 228.50938959828133,
      "angle": 0.8733364733950871,
      "arrowType": "triangle",
      "id": "line_1765448101242"
    },
    {
      "type": "number",
      "x": 203.33607770707548,
      "y": 381.9393203346818,
      "strokeNumber": 1,
      "size": "medium",
      "id": "number_1765448113341"
    }
  ],
  "exportDate": "2025-12-11T10:15:17.586Z"
}
