{
  "svgViewBox": {
    "x": 0,
    "y": 0,
    "width": 200,
    "height": 200
  },
  "svgBounds": {
    "x": 100,
    "y": 100,
    "width": 591.5900268554688,
    "height": 800
  },
  "svgPath": "M 367.03 900.00 Q 261.74 900.00 190.64 856.58 Q 119.54 813.16 100.00 728.49 L 193.35 703.53 Q 208.55 753.46 247.08 783.85 Q 285.62 814.25 370.28 814.25 Q 456.04 814.25 489.69 791.99 Q 523.34 769.74 523.34 733.92 Q 523.34 701.36 497.83 680.73 Q 472.32 660.11 402.85 655.77 L 332.29 650.34 Q 275.85 646.00 235.14 636.77 Q 194.44 627.54 168.39 606.92 Q 145.59 589.55 133.11 562.96 Q 120.62 536.36 120.62 499.46 Q 120.62 432.16 178.70 388.20 Q 236.77 344.23 354.00 344.23 Q 425.64 344.23 473.95 357.80 Q 522.25 371.37 554.27 404.48 Q 586.30 437.58 605.83 496.20 L 512.48 520.08 Q 498.37 472.32 463.64 448.98 Q 428.90 425.64 354.00 425.64 Q 271.51 425.64 241.11 446.27 Q 210.72 466.89 210.72 498.37 Q 210.72 527.68 235.14 544.50 Q 259.57 561.33 331.21 566.76 L 414.79 572.18 Q 471.23 576.53 506.51 588.47 Q 541.79 600.41 564.59 618.86 Q 589.55 639.48 601.49 668.79 Q 613.43 698.10 613.43 732.84 Q 613.43 814.25 551.56 857.12 Q 489.69 900.00 367.03 900.00 Z M 334.46 425.64 Q 302.99 425.64 274.22 413.70 Q 245.45 401.76 221.57 368.66 Q 197.69 335.55 180.33 274.76 L 270.42 245.45 Q 286.70 305.16 301.90 324.69 Q 317.10 344.23 340.98 344.23 Q 362.69 344.23 381.68 330.66 Q 400.68 317.10 435.41 273.68 L 469.06 230.26 Q 505.97 182.50 536.91 154.27 Q 567.84 126.05 602.58 113.03 Q 637.31 100.00 685.07 100.00 L 691.59 183.58 Q 653.60 185.75 628.09 195.52 Q 602.58 205.29 581.41 226.46 Q 560.24 247.63 532.02 283.45 L 507.06 316.01 Q 461.47 374.63 422.39 400.14 Q 383.31 425.64 334.46 425.64 Z",
  "centerlinePath": "M 554.51 495.50 L 532.38 456.80 L 507.49 430.70 L 481.21 408.20 L 439.02 386.60 L 393.37 382.10 L 345.65 381.20 L 296.55 386.60 L 241.92 406.40 L 202.50 431.60 L 171.37 478.40 L 170.68 519.80 L 194.20 563.90 L 238.46 591.80 L 287.56 604.40 L 333.90 608.90 L 378.85 611.60 L 430.72 616.10 L 481.90 626.90 L 528.93 647.60 L 556.59 687.20 L 569.04 734.90 L 559.36 779.90 L 528.93 816.80 L 485.36 837.50 L 434.87 849.20 L 380.93 853.70 L 323.52 849.20 L 266.12 834.80 L 226.01 812.30 L 182.44 779.00 L 155.47 741.20M 227.39 272.30 L 241.92 310.10 L 264.05 353.30 L 309.00 383.90 L 361.56 374.90 L 402.37 354.20 L 441.09 325.40 L 476.37 284.90 L 510.25 248.90 L 540.68 212.00 L 573.88 182.30 L 617.45 156.20 L 672.09 140.90",
  "items": [
    {
      "type": "line",
      "x1": 303.13222175053784,
      "y1": 605.6944444444445,
      "x2": 340.8712496336143,
      "y2": 608.6574074074074,
      "angle": 0.07835117986798508,
      "arrowType": "triangle",
      "id": "line_1765442488670"
    },
    {
      "type": "line",
      "x1": 548.4359029905345,
      "y1": 204.21296296296293,
      "x2": 580.1097299638307,
      "y2": 181.99074074074076,
      "angle": -0.6117961312834916,
      "arrowType": "triangle",
      "id": "line_1765442504967"
    },
    {
      "type": "number",
      "x": 481.718692982953,
      "y": 628.6574074074075,
      "strokeNumber": 1,
      "size": "medium",
      "id": "number_1765442531711"
    },
    {
      "type": "number",
      "x": 505.30558540987573,
      "y": 260.50925925925924,
      "strokeNumber": 2,
      "size": "medium",
      "id": "number_1765442541670"
    }
  ],
  "exportDate": "2025-12-11T08:43:26.801Z"
}
