{
  "svgViewBox": {
    "x": 0,
    "y": 0,
    "width": 200,
    "height": 200
  },
  "svgBounds": {
    "x": 100,
    "y": 181.75,
    "width": 504.3800048828125,
    "height": 456.21002197265625
  },
  "svgPath": "M 456.93 555.47 Q 419.71 555.47 389.78 543.80 Q 359.85 532.12 326.28 509.49 Q 302.92 531.39 272.26 543.43 Q 241.61 555.47 206.57 555.47 Q 166.42 555.47 143.43 543.43 Q 120.44 531.39 110.22 512.41 Q 100.00 493.43 100.00 472.99 Q 100.00 439.42 125.91 416.79 Q 151.82 394.16 199.27 394.16 Q 228.47 394.16 256.20 405.11 Q 283.94 416.06 315.33 436.50 Q 327.01 408.03 327.01 368.61 Q 327.01 339.42 321.53 313.87 Q 316.06 288.32 300.73 267.88 Q 302.19 275.18 302.19 283.21 Q 302.19 323.36 275.55 347.81 Q 248.91 372.26 204.38 372.26 Q 178.10 372.26 155.47 361.31 Q 132.85 350.36 118.98 329.20 Q 105.11 308.03 105.11 278.10 Q 105.11 237.96 135.40 209.85 Q 165.69 181.75 218.25 181.75 Q 265.69 181.75 297.81 199.27 Q 329.93 216.79 349.27 244.53 Q 368.61 272.26 377.37 304.38 Q 386.13 336.50 386.13 364.96 Q 386.13 393.43 379.56 418.98 Q 372.99 444.53 360.58 466.42 Q 383.94 481.75 406.20 489.78 Q 428.47 497.81 458.39 497.81 Q 501.46 497.81 522.63 474.45 Q 543.80 451.09 543.80 406.57 Q 543.80 364.23 527.01 332.48 Q 510.22 300.73 481.02 277.37 Q 451.82 254.01 415.33 237.96 L 443.07 181.75 Q 488.32 200.73 524.82 232.85 Q 561.31 264.96 582.85 307.66 Q 604.38 350.36 604.38 402.19 Q 604.38 474.45 564.23 514.96 Q 524.09 555.47 456.93 555.47 Z M 160.58 277.37 Q 160.58 297.08 171.90 309.49 Q 183.21 321.90 205.84 321.90 Q 227.74 321.90 241.97 311.31 Q 256.20 300.73 256.20 275.91 Q 256.20 254.01 245.26 235.04 Q 231.39 231.39 216.06 231.39 Q 189.05 231.39 174.82 244.53 Q 160.58 257.66 160.58 277.37 Z M 155.47 472.26 Q 155.47 484.67 167.88 492.70 Q 180.29 500.73 207.30 500.73 Q 253.28 500.73 282.48 478.83 Q 260.58 462.77 240.88 454.38 Q 221.17 445.99 198.54 445.99 Q 175.18 445.99 165.33 454.01 Q 155.47 462.04 155.47 472.26 Z M 296.35 637.96 301.46 535.04 H 356.20 L 362.04 637.96 Z",
  "centerlinePath": "M 277.55 261.35 L 275.13 296.39 L 253.98 326.98 L 215.90 341.44 L 168.16 335.88 L 139.15 307.51 L 135.52 264.68 L 154.86 229.09 L 196.56 206.28 L 239.47 207.95 L 281.18 221.30 L 316.23 252.45 L 339.80 290.83 L 351.89 338.10 L 350.68 381.49 L 346.45 424.87 L 331.94 463.25 L 307.16 494.40 L 267.27 514.98 L 223.15 526.66 L 176.62 524.43 L 143.38 504.97 L 127.06 472.15 L 142.77 439.33 L 179.64 423.20 L 222.55 424.32 L 262.44 440.45 L 294.47 457.69 L 331.34 480.49 L 363.37 500.52 L 396.61 516.09 L 435.90 525.55 L 475.79 525.55 L 514.47 514.42 L 543.48 495.51 L 564.63 462.69 L 572.49 417.64 L 570.07 370.92 L 561.61 332.54 L 546.50 303.06 L 524.14 279.15 L 496.94 251.89 L 468.53 232.42 L 436.50 211.84M 328.32 549.46 L 327.71 581.17 L 328.92 615.10",
  "items": [
    {
      "type": "line",
      "x1": 177.77504834790568,
      "y1": 337.7882151497735,
      "x2": 162.47921802545497,
      "y2": 327.51380764290144,
      "angle": -2.5501045922854892,
      "arrowType": "triangle",
      "id": "line_1765442871217"
    },
    {
      "type": "line",
      "x1": 351.55267617797085,
      "y1": 369.54547471646913,
      "x2": 349.85313947547627,
      "y2": 393.8304379145304,
      "angle": 1.640665498297804,
      "arrowType": "triangle",
      "id": "line_1765442883240"
    },
    {
      "type": "line",
      "x1": 130.61290485368264,
      "y1": 481.629920245983,
      "x2": 135.28663078554257,
      "y2": 460.14706818615946,
      "angle": -1.3565782708852965,
      "arrowType": "triangle",
      "id": "line_1765442887698"
    },
    {
      "type": "line",
      "x1": 458.1986042595023,
      "y1": 527.3977355038678,
      "x2": 478.16816051381295,
      "y2": 523.6615873195507,
      "angle": -0.18495396935539118,
      "arrowType": "triangle",
      "id": "line_1765442893161"
    },
    {
      "type": "number",
      "x": 137.83593583928433,
      "y": 258.8620847560741,
      "strokeNumber": 1,
      "size": "medium",
      "id": "number_1765442925074"
    },
    {
      "type": "number",
      "x": 329.03381486991833,
      "y": 599.7856065750123,
      "strokeNumber": 2,
      "size": "medium",
      "id": "number_1765442954163"
    }
  ],
  "exportDate": "2025-12-11T08:49:19.107Z"
}
