{
  "svgViewBox": {
    "x": 0,
    "y": 0,
    "width": 200,
    "height": 200
  },
  "svgBounds": {
    "x": 100,
    "y": 100,
    "width": 800,
    "height": 641
  },
  "svgPath": "M 501.88 741.00 Q 370.42 741.00 280.91 695.93 Q 191.39 650.86 145.70 571.36 Q 100.00 491.86 100.00 389.20 Q 100.00 296.56 131.92 232.08 Q 163.85 167.61 217.68 133.80 Q 271.52 100.00 337.87 100.00 Q 411.74 100.00 457.43 142.57 Q 503.13 185.13 503.13 259.00 Q 503.13 335.37 455.56 383.57 Q 407.98 431.77 307.82 431.77 Q 276.53 431.77 248.98 423.63 Q 221.44 415.49 198.90 402.97 Q 201.41 468.08 234.59 521.91 Q 267.76 575.74 332.86 608.92 Q 397.97 642.10 498.12 642.10 Q 635.84 642.10 715.96 584.51 Q 796.09 526.92 796.09 419.25 Q 796.09 346.64 755.40 289.05 Q 714.71 231.46 628.33 196.40 L 678.40 100.00 Q 782.32 145.07 841.16 225.20 Q 900.00 305.32 900.00 412.99 Q 900.00 505.63 858.69 580.13 Q 817.37 654.62 729.11 697.81 Q 640.85 741.00 501.88 741.00 Z M 331.61 188.89 Q 282.79 188.89 248.98 222.07 Q 215.18 255.24 203.91 314.08 Q 221.44 326.60 245.85 335.37 Q 270.27 344.13 301.56 344.13 Q 352.90 344.13 378.56 322.85 Q 404.23 301.56 404.23 264.01 Q 404.23 227.70 384.19 208.29 Q 364.16 188.89 331.61 188.89 Z",
  "centerlinePath": "M 213.35 367.89 L 261.95 381.97 L 314.15 385.67 L 362.75 376.04 L 406.85 356.77 L 440.15 318.24 L 450.95 269.34 L 444.65 218.95 L 420.35 174.49 L 375.35 148.55 L 326.75 140.40 L 273.65 150.78 L 225.95 178.19 L 193.55 213.76 L 169.25 261.18 L 155.75 312.31 L 151.25 359.74 L 152.15 411.61 L 162.05 466.44 L 175.55 512.38 L 196.25 560.55 L 225.95 599.08 L 258.35 627.98 L 297.05 652.43 L 344.75 671.70 L 396.05 684.30 L 447.35 688.74 L 503.15 693.19 L 558.05 690.97 L 613.85 682.07 L 669.65 667.25 L 718.25 643.54 L 767.75 611.68 L 805.55 569.44 L 830.75 519.05 L 842.45 464.96 L 844.25 405.68 L 838.85 350.11 L 822.65 298.23 L 792.05 249.33 L 752.45 211.54 L 708.35 178.19 L 667.85 153.74",
  "items": [
    {
      "type": "line",
      "x1": 314.337461039508,
      "y1": 145.4537037037037,
      "x2": 279.29407800522284,
      "y2": 155.82407407407405,
      "angle": 2.85387444557539,
      "arrowType": "triangle",
      "id": "line_1765462536618"
    },
    {
      "type": "line",
      "x1": 821.7926038244461,
      "y1": 536.5648148148148,
      "x2": 834.5969168562043,
      "y2": 492.1203703703703,
      "angle": -1.2902951302678152,
      "arrowType": "triangle",
      "id": "line_1765462541597"
    },
    {
      "type": "number",
      "x": 425.53281105214387,
      "y": 183.9722222222222,
      "strokeNumber": 1,
      "size": "medium",
      "id": "number_1765462599289"
    }
  ],
  "exportDate": "2025-12-11T14:16:41.798Z"
}
