{
  "svgViewBox": {
    "x": 0,
    "y": 0,
    "width": 200,
    "height": 200
  },
  "svgBounds": {
    "x": 100,
    "y": 236.72000122070312,
    "width": 808.9500122070312,
    "height": 599.800048828125
  },
  "svgPath": "M 270.91 480.87 Q 247.30 480.87 225.74 471.92 Q 204.17 462.97 186.27 438.15 Q 168.36 413.33 155.34 367.75 L 222.89 345.78 Q 235.10 390.54 246.49 405.19 Q 257.88 419.84 275.79 419.84 Q 292.07 419.84 306.31 409.66 Q 320.55 399.49 346.59 366.94 L 371.82 334.38 Q 399.49 298.58 422.69 277.42 Q 445.88 256.26 471.92 246.49 Q 497.97 236.72 533.77 236.72 L 538.66 299.39 Q 510.17 301.02 491.05 308.34 Q 471.92 315.67 456.05 331.54 Q 440.18 347.41 419.02 374.26 L 400.31 398.68 Q 366.12 442.62 336.83 461.75 Q 307.53 480.87 270.91 480.87 Z M 467.85 836.52 Q 425.53 836.52 395.42 818.62 Q 365.31 800.71 337.64 768.97 Q 314.85 799.08 288.81 817.80 Q 262.77 836.52 218.82 836.52 Q 175.69 836.52 149.64 818.62 Q 123.60 800.71 111.80 772.63 Q 100.00 744.56 100.00 714.45 Q 100.00 661.55 133.37 629.40 Q 166.73 597.25 214.75 597.25 Q 244.05 597.25 266.84 607.43 Q 289.62 617.60 311.60 639.17 Q 333.57 660.73 359.61 695.73 Q 381.59 724.21 398.68 741.30 Q 415.77 758.39 432.86 765.31 Q 449.95 772.23 471.92 772.23 Q 515.06 772.23 537.03 746.19 Q 559.00 720.14 559.00 670.50 Q 559.00 608.65 526.45 566.73 Q 493.90 524.82 438.56 502.85 Q 383.21 480.87 314.04 480.87 H 274.16 L 341.71 419.84 Q 432.04 425.53 495.93 458.49 Q 559.82 491.45 593.18 545.57 Q 626.55 599.69 626.55 668.87 Q 626.55 716.89 609.46 755.14 Q 592.37 793.39 556.97 814.95 Q 521.57 836.52 467.85 836.52 Z M 163.48 716.07 Q 163.48 741.30 179.35 758.39 Q 195.22 775.48 222.89 775.48 Q 248.93 775.48 266.84 760.83 Q 284.74 746.19 297.76 718.51 Q 274.16 686.78 257.48 672.53 Q 240.79 658.29 216.38 658.29 Q 193.59 658.29 178.54 672.94 Q 163.48 687.59 163.48 716.07 Z M 750.25 836.52 Q 695.73 836.52 654.63 808.85 Q 613.53 781.18 581.79 736.42 L 614.34 683.52 Q 648.52 728.28 682.30 750.25 Q 716.07 772.23 755.95 772.23 Q 797.46 772.23 819.43 745.78 Q 841.40 719.33 841.40 669.68 Q 841.40 622.48 822.28 587.08 Q 803.15 551.68 771.01 526.04 Q 738.86 500.41 698.17 482.50 L 728.28 419.84 Q 778.74 441.00 819.43 476.81 Q 860.12 512.61 884.54 559.82 Q 908.95 607.02 908.95 664.80 Q 908.95 745.37 868.26 790.95 Q 827.57 836.52 750.25 836.52 Z",
  "centerlinePath": "M 320.41 698.97 L 293.14 666.08 L 255.88 639.49 L 200.43 632.49 L 152.26 655.59 L 134.99 701.77 L 135.90 749.36 L 164.07 789.95 L 214.97 807.44 L 265.88 793.45 L 305.87 764.06 L 328.59 724.17 L 357.68 754.26 L 390.40 778.05 L 429.49 797.65 L 474.93 808.14 L 528.56 796.25 L 568.56 761.26 L 591.28 708.77 L 593.10 656.99 L 585.83 608.00 L 567.65 567.41 L 534.92 528.92 L 494.93 496.73 L 451.30 475.04 L 405.85 461.04 L 354.95 451.24M 190.43 365.17 L 205.88 398.06 L 229.52 430.25 L 267.69 448.45 L 306.78 443.55 L 340.41 421.15 L 364.95 393.16 L 395.86 356.77 L 426.76 318.98 L 466.75 286.79 L 514.02 271.40M 624.00 743.76 L 658.54 775.25 L 684.90 792.05 L 719.44 801.14 L 757.62 803.24 L 797.61 799.05 L 834.88 778.05 L 864.87 738.16 L 876.69 688.48 L 872.15 635.29 L 862.15 590.50 L 838.51 545.72 L 805.79 511.43 L 765.80 479.24 L 723.08 455.44",
  "items": [
    {
      "type": "line",
      "x1": 136.15095455107658,
      "y1": 732.6312351897909,
      "x2": 150.46141723859043,
      "y2": 762.5923467530145,
      "angle": 1.1252006122452949,
      "arrowType": "triangle",
      "id": "line_1765460901245"
    },
    {
      "type": "line",
      "x1": 536.8439098014636,
      "y1": 529.6447043489527,
      "x2": 523.8963483222844,
      "y2": 519.1583153018246,
      "angle": -2.460836794338722,
      "arrowType": "triangle",
      "id": "line_1765460918508"
    },
    {
      "type": "line",
      "x1": 445.5295288430421,
      "y1": 298.9441453121326,
      "x2": 472.10610240556775,
      "y2": 286.9597006868433,
      "angle": -0.4236354979281537,
      "arrowType": "triangle",
      "id": "line_1765460924232"
    },
    {
      "type": "line",
      "x1": 876.2063106767913,
      "y1": 662.9716508052968,
      "x2": 872.1176070517874,
      "y2": 640.5008171328793,
      "angle": -1.750783257769447,
      "arrowType": "triangle",
      "id": "line_1765460928905"
    },
    {
      "type": "number",
      "x": 149.7799666344231,
      "y": 655.4813729144909,
      "strokeNumber": 1,
      "size": "medium",
      "id": "number_1765460941968"
    },
    {
      "type": "number",
      "x": 586.5898039056782,
      "y": 606.0455388351724,
      "strokeNumber": 1,
      "size": "medium",
      "id": "number_1765460952453"
    },
    {
      "type": "number",
      "x": 825.7789659684092,
      "y": 783.5651248472709,
      "strokeNumber": 3,
      "size": "medium",
      "id": "number_1765460986222"
    },
    {
      "type": "number",
      "x": 192.0299040927972,
      "y": 385.8313688454804,
      "strokeNumber": 2,
      "size": "medium",
      "id": "number_1765461048998"
    }
  ],
  "exportDate": "2025-12-11T13:50:53.801Z"
}
