{
  "svgViewBox": {
    "x": 0,
    "y": 0,
    "width": 200,
    "height": 200
  },
  "svgBounds": {
    "x": 100,
    "y": 140.14999389648438,
    "width": 656.8900146484375,
    "height": 759.8499755859375
  },
  "svgPath": "M 556.11 898.97 Q 507.72 898.97 471.69 883.01 Q 435.65 867.05 403.73 833.59 Q 371.81 800.13 333.72 749.68 Q 300.77 705.41 282.75 688.42 Q 264.74 671.43 239.00 671.43 Q 215.32 671.43 199.87 690.48 Q 184.43 709.52 184.43 739.38 Q 184.43 775.42 196.78 807.34 Q 209.14 839.25 233.85 872.20 L 150.45 900.00 Q 127.80 863.96 113.90 825.35 Q 100.00 786.74 100.00 739.38 Q 100.00 676.58 139.12 634.36 Q 178.25 592.15 240.03 592.15 Q 280.18 592.15 307.46 606.05 Q 334.75 619.95 357.92 645.17 Q 381.08 670.40 407.85 706.44 Q 438.74 746.59 461.90 771.30 Q 485.07 796.01 508.24 806.82 Q 531.40 817.63 562.29 817.63 Q 615.83 817.63 643.63 783.66 Q 671.43 749.68 671.43 686.87 Q 671.43 609.65 630.24 556.63 Q 589.06 503.60 518.53 476.32 Q 448.01 449.03 360.49 449.03 H 315.19 H 313.13 Q 283.27 449.03 255.98 437.71 Q 228.70 426.38 206.05 394.98 Q 183.40 363.58 166.92 305.92 L 252.38 278.12 Q 267.82 334.75 282.24 353.28 Q 296.65 371.81 319.31 371.81 Q 339.90 371.81 357.92 358.94 Q 375.93 346.07 408.88 304.89 L 440.80 263.71 Q 475.80 218.40 505.15 191.63 Q 534.49 164.86 567.44 152.51 Q 600.39 140.15 645.69 140.15 L 651.87 219.43 Q 615.83 221.49 591.63 230.76 Q 567.44 240.03 547.36 260.10 Q 527.28 280.18 500.51 314.16 L 476.83 345.05 Q 462.42 363.58 450.06 377.99 Q 547.88 392.41 616.34 435.14 Q 684.81 477.86 720.85 542.21 Q 756.89 606.56 756.89 686.87 Q 756.89 782.63 706.44 840.80 Q 655.98 898.97 556.11 898.97 Z",
  "centerlinePath": "M 185.10 876.05 L 163.16 843.38 L 145.75 801.25 L 138.93 752.23 L 142.72 705.80 L 160.88 668.83 L 197.97 641.31 L 247.93 638.73 L 292.58 651.63 L 325.13 683.45 L 354.65 718.70 L 381.14 751.37 L 412.93 783.19 L 441.69 815.86 L 478.78 842.52 L 526.46 855.42 L 569.60 859.72 L 616.53 848.54 L 658.16 827.90 L 687.68 787.49 L 705.09 747.94 L 715.68 700.64 L 714.17 655.07 L 703.57 604.34 L 686.17 566.51 L 659.67 527.81 L 630.91 496.00 L 591.55 467.62 L 554.47 446.99 L 509.05 427.21 L 465.91 417.75 L 413.69 411.73 L 370.54 410.87 L 323.62 410.01M 210.84 304.25 L 225.22 340.37 L 244.14 370.46 L 278.96 395.40 L 320.59 404.00 L 372.81 392.82 L 407.63 362.72 L 439.42 324.89 L 465.15 288.78 L 502.24 251.80 L 540.09 216.55 L 583.99 193.33 L 634.70 180.43",
  "items": [
    {
      "type": "line",
      "x1": 359.63541051224985,
      "y1": 724.5924722247654,
      "x2": 382.03853505568156,
      "y2": 751.327934328715,
      "angle": 0.8733364733950865,
      "arrowType": "triangle",
      "id": "line_1765452914777"
    },
    {
      "type": "line",
      "x1": 709.7642426624543,
      "y1": 635.943308406406,
      "x2": 699.5228142997427,
      "y2": 599.3579392115274,
      "angle": -1.8437422966601213,
      "arrowType": "triangle",
      "id": "line_1765452918924"
    },
    {
      "type": "line",
      "x1": 521.5779964976277,
      "y1": 232.80068247053356,
      "x2": 536.3000497690258,
      "y2": 221.54364579518634,
      "angle": -0.6528035944335581,
      "arrowType": "triangle",
      "id": "line_1765452927237"
    },
    {
      "type": "number",
      "x": 230.33737743301526,
      "y": 636.6468731986151,
      "strokeNumber": 1,
      "size": "medium",
      "id": "number_1765452934296"
    },
    {
      "type": "number",
      "x": 446.6875515952989,
      "y": 316.52489274342855,
      "strokeNumber": 2,
      "size": "medium",
      "id": "number_1765452940639"
    }
  ],
  "exportDate": "2025-12-11T11:35:47.232Z"
}
