{
  "svgViewBox": {
    "x": 0,
    "y": 0,
    "width": 200,
    "height": 200
  },
  "svgBounds": {
    "x": 100,
    "y": 437.70001220703125,
    "width": 684.4199829101562,
    "height": 462.29998779296875
  },
  "svgPath": "M 600.23 900.00 Q 534.31 900.00 500.00 866.14 Q 465.69 832.28 465.69 777.20 Q 465.69 725.73 498.65 689.16 Q 531.60 652.60 601.13 652.60 Q 637.25 652.60 663.43 662.98 Q 689.62 673.36 709.48 689.62 V 685.10 V 673.36 Q 709.48 601.13 676.98 555.08 Q 644.47 509.03 588.49 509.03 Q 541.53 509.03 516.25 537.02 Q 490.97 565.01 484.65 602.03 H 415.12 Q 409.71 578.56 393.91 556.43 Q 378.10 534.31 349.66 519.86 Q 321.22 505.42 275.17 505.42 Q 234.54 505.42 209.26 521.67 Q 183.97 537.92 183.97 569.53 Q 183.97 583.97 189.84 595.71 Q 195.71 607.45 209.26 616.48 Q 221.90 625.51 244.47 630.47 Q 267.04 635.44 304.06 635.44 H 342.89 V 703.16 H 291.42 Q 219.19 703.16 195.71 723.02 Q 176.75 739.28 176.75 770.88 Q 176.75 796.16 193.91 814.22 Q 211.06 832.28 252.60 832.28 Q 284.20 832.28 309.93 817.38 Q 335.67 802.48 361.85 766.37 L 422.35 811.51 Q 385.33 855.76 345.15 877.88 Q 304.97 900.00 247.18 900.00 Q 172.23 900.00 136.12 864.79 Q 100.00 829.57 100.00 779.01 Q 100.00 742.89 118.51 713.54 Q 137.02 684.20 178.56 669.75 Q 140.63 652.60 123.93 624.15 Q 107.22 595.71 107.22 561.40 Q 107.22 505.42 152.37 471.56 Q 197.52 437.70 274.27 437.70 Q 337.47 437.70 377.65 458.47 Q 417.83 479.23 448.53 518.96 Q 472.01 481.04 507.22 459.37 Q 542.44 437.70 591.20 437.70 Q 652.60 437.70 695.49 469.30 Q 738.37 500.90 761.40 554.63 Q 784.42 608.35 784.42 676.07 Q 784.42 782.62 737.47 841.31 Q 690.52 900.00 600.23 900.00 Z M 539.73 774.49 Q 539.73 802.48 555.53 818.74 Q 571.33 834.99 603.84 834.99 Q 634.54 834.99 659.82 820.54 Q 685.10 806.09 698.65 766.37 Q 682.39 745.60 659.37 730.70 Q 636.34 715.80 604.74 715.80 Q 574.94 715.80 557.34 732.05 Q 539.73 748.31 539.73 774.49 Z",
  "centerlinePath": "M 385.34 798.18 L 350.83 827.98 L 313.17 853.28 L 257.48 864.53 L 200.22 857.22 L 161.78 834.17 L 137.46 794.81 L 146.09 741.95 L 179.82 703.15 L 223.75 683.47 L 274.74 669.41 L 324.94 667.73 L 275.52 661.54 L 228.46 653.11 L 186.88 639.61 L 153.15 604.19 L 143.74 555.83 L 160.21 515.34 L 201.00 485.54 L 243.36 476.54 L 292.78 473.17 L 335.14 479.35 L 376.71 493.97 L 402.60 518.72 L 430.05 549.64 L 444.96 583.94 L 464.57 549.64 L 487.31 515.90 L 520.26 489.48 L 557.91 473.17 L 605.76 469.80 L 648.12 480.48 L 686.56 505.78 L 713.23 539.52 L 732.05 580.57 L 743.04 624.99 L 745.39 673.35 L 743.82 723.39 L 733.62 774.00 L 711.66 820.11 L 676.36 850.47 L 631.65 863.97 L 583.80 866.22 L 536.73 849.35 L 510.85 811.11 L 503.00 772.31 L 517.12 733.51 L 539.87 701.46 L 579.09 687.97 L 619.10 686.84 L 656.75 696.97 L 688.91 713.83 L 711.66 736.33 L 724.21 756.01",
  "items": [
    {
      "type": "line",
      "x1": 142.69337017479327,
      "y1": 808.0708533216407,
      "x2": 143.26991805021248,
      "y2": 773.8498541761328,
      "angle": -1.553950140286427,
      "arrowType": "triangle",
      "id": "line_1765451444409"
    },
    {
      "type": "line",
      "x1": 267.80425914076403,
      "y1": 472.8318061369437,
      "x2": 291.4427220329521,
      "y2": 474.09925054974025,
      "angle": 0.053566593004701554,
      "arrowType": "triangle",
      "id": "line_1765451450600"
    },
    {
      "type": "line",
      "x1": 690.9903996984716,
      "y1": 514.657471759231,
      "x2": 705.9806444593714,
      "y2": 536.2040267767729,
      "angle": 0.9629525185975251,
      "arrowType": "triangle",
      "id": "line_1765451469066"
    },
    {
      "type": "line",
      "x1": 505.91853168890196,
      "y1": 766.8789099057515,
      "x2": 513.9902019447711,
      "y2": 749.1346881265995,
      "angle": -1.143883266253307,
      "arrowType": "triangle",
      "id": "line_1765451473232"
    },
    {
      "type": "number",
      "x": 217.64459397929187,
      "y": 860.669796452699,
      "strokeNumber": 1,
      "size": "medium",
      "id": "number_1765451505643"
    }
  ],
  "exportDate": "2025-12-11T11:12:36.646Z"
}
