{
  "svgViewBox": {
    "x": 0,
    "y": 0,
    "width": 200,
    "height": 200
  },
  "svgBounds": {
    "x": 100,
    "y": 167.2100067138672,
    "width": 545.0800170898438,
    "height": 419.67999267578125
  },
  "svgPath": "M 504.92 586.89 Q 461.48 586.89 431.15 570.49 Q 400.82 554.10 377.87 516.39 Q 347.54 559.02 315.16 572.95 Q 282.79 586.89 238.52 586.89 Q 193.44 586.89 163.52 570.90 Q 133.61 554.92 118.85 528.28 Q 104.10 501.64 104.10 470.49 Q 104.10 420.49 134.84 390.98 Q 165.57 361.48 225.41 340.16 Q 259.02 327.87 278.69 313.93 Q 298.36 300.00 298.36 272.95 Q 298.36 254.10 284.84 240.57 Q 271.31 227.05 236.89 227.05 Q 201.64 227.05 184.43 240.57 Q 167.21 254.10 167.21 277.87 Q 167.21 288.52 170.08 297.54 Q 172.95 306.56 175.41 312.30 L 113.93 329.51 Q 100.00 304.10 100.00 269.67 Q 100.00 243.44 113.93 220.08 Q 127.87 196.72 158.20 181.97 Q 188.52 167.21 236.89 167.21 Q 286.07 167.21 313.93 183.61 Q 341.80 200.00 353.69 224.59 Q 365.57 249.18 365.57 273.77 Q 365.57 320.49 338.11 346.72 Q 310.66 372.95 256.56 392.62 Q 213.11 409.02 192.21 425.82 Q 171.31 442.62 171.31 469.67 Q 171.31 493.44 188.11 507.79 Q 204.92 522.13 240.16 522.13 Q 290.98 522.13 316.80 495.49 Q 342.62 468.85 345.90 425.41 H 409.84 Q 413.11 475.41 439.34 498.77 Q 465.57 522.13 502.46 522.13 Q 543.44 522.13 560.25 505.33 Q 577.05 488.52 577.05 460.66 Q 577.05 428.69 558.61 405.74 Q 540.16 382.79 511.48 364.75 L 554.92 309.84 Q 604.10 342.62 624.59 381.97 Q 645.08 421.31 645.08 454.10 Q 645.08 522.95 606.56 554.92 Q 568.03 586.89 504.92 586.89 Z",
  "centerlinePath": "M 140.63 310.53 L 132.25 274.67 L 139.34 240.89 L 166.44 212.83 L 205.14 200.36 L 256.10 198.80 L 296.74 211.79 L 323.19 246.09 L 329.64 294.94 L 307.71 327.16 L 272.88 349.51 L 232.88 368.74 L 194.18 386.92 L 156.12 414.47 L 138.70 459.16 L 148.37 505.93 L 182.56 541.79 L 227.72 552.18 L 281.26 549.06 L 318.03 530.36 L 347.06 506.97 L 365.12 478.39 L 376.73 439.93 L 389.63 479.43 L 413.50 513.21 L 448.98 541.79 L 495.43 555.82 L 540.58 553.22 L 577.35 533.99 L 608.32 500.73 L 613.48 456.04 L 599.29 412.39 L 580.58 373.41 L 547.03 343.27",
  "items": [
    {
      "type": "line",
      "x1": 312.1592299691368,
      "y1": 230.52820447639183,
      "x2": 321.342618345682,
      "y2": 255.76339045277348,
      "angle": 1.2217818513063732,
      "arrowType": "triangle",
      "id": "line_1765470147125"
    },
    {
      "type": "line",
      "x1": 285.9865730959828,
      "y1": 549.500955217856,
      "x2": 302.97584159259156,
      "y2": 539.4068808273033,
      "angle": -0.5361025980837478,
      "arrowType": "triangle",
      "id": "line_1765470150256"
    },
    {
      "type": "line",
      "x1": 524.7546708861595,
      "y1": 554.5479924131323,
      "x2": 536.2339063568411,
      "y2": 551.5197700959665,
      "angle": -0.2579241381481147,
      "arrowType": "triangle",
      "id": "line_1765470153341"
    },
    {
      "type": "number",
      "x": 221.702854460166,
      "y": 198.73187014615095,
      "strokeNumber": 1,
      "size": "medium",
      "id": "number_1765470158796"
    }
  ],
  "exportDate": "2025-12-11T16:22:40.880Z"
}
