{
  "svgViewBox": {
    "x": 0,
    "y": 0,
    "width": 200,
    "height": 200
  },
  "svgBounds": {
    "x": 100,
    "y": 303.2799987792969,
    "width": 545.0800170898438,
    "height": 553.2800903320312
  },
  "svgPath": "M 504.92 856.56 Q 461.48 856.56 431.15 840.16 Q 400.82 823.77 377.87 786.07 Q 347.54 828.69 315.16 842.62 Q 282.79 856.56 238.52 856.56 Q 193.44 856.56 163.52 840.57 Q 133.61 824.59 118.85 797.95 Q 104.10 771.31 104.10 740.16 Q 104.10 690.16 134.84 660.66 Q 165.57 631.15 225.41 609.84 Q 259.02 597.54 278.69 583.61 Q 298.36 569.67 298.36 542.62 Q 298.36 523.77 284.84 510.25 Q 271.31 496.72 236.89 496.72 Q 201.64 496.72 184.43 510.25 Q 167.21 523.77 167.21 547.54 Q 167.21 558.20 170.08 567.21 Q 172.95 576.23 175.41 581.97 L 113.93 599.18 Q 100.00 573.77 100.00 539.34 Q 100.00 513.11 113.93 489.75 Q 127.87 466.39 158.20 451.64 Q 188.52 436.89 236.89 436.89 Q 286.07 436.89 313.93 453.28 Q 341.80 469.67 353.69 494.26 Q 365.57 518.85 365.57 543.44 Q 365.57 590.16 338.11 616.39 Q 310.66 642.62 256.56 662.30 Q 213.11 678.69 192.21 695.49 Q 171.31 712.30 171.31 739.34 Q 171.31 763.11 188.11 777.46 Q 204.92 791.80 240.16 791.80 Q 290.98 791.80 316.80 765.16 Q 342.62 738.52 345.90 695.08 H 409.84 Q 413.11 745.08 439.34 768.44 Q 465.57 791.80 502.46 791.80 Q 543.44 791.80 560.25 775.00 Q 577.05 758.20 577.05 730.33 Q 577.05 698.36 558.61 675.41 Q 540.16 652.46 511.48 634.43 L 554.92 579.51 Q 604.10 612.30 624.59 651.64 Q 645.08 690.98 645.08 723.77 Q 645.08 792.62 606.56 824.59 Q 568.03 856.56 504.92 856.56 Z M 259.02 303.28 Q 309.02 303.28 337.30 324.18 Q 365.57 345.08 379.51 381.97 L 317.21 398.36 Q 310.66 379.51 297.13 368.44 Q 283.61 357.38 259.84 357.38 Q 237.70 357.38 221.31 368.85 Q 204.92 380.33 204.92 402.46 Q 204.92 413.93 212.70 428.28 Q 220.49 442.62 245.08 459.02 L 184.43 481.97 Q 162.30 461.48 152.87 440.98 Q 143.44 420.49 143.44 395.90 Q 143.44 352.46 176.23 327.87 Q 209.02 303.28 259.02 303.28 Z",
  "centerlinePath": "M 139.34 583.84 L 133.54 547.91 L 144.50 502.83 L 173.53 475.40 L 231.59 466.25 L 285.13 475.40 L 319.97 509.37 L 332.22 556.40 L 309.64 598.87 L 267.07 625.65 L 223.20 642.63 L 178.05 664.85 L 146.44 700.12 L 138.70 745.85 L 151.60 783.74 L 187.08 814.45 L 237.40 822.29 L 283.20 814.45 L 322.55 798.77 L 350.28 769.37 L 367.70 735.40 L 375.44 704.70 L 385.12 734.75 L 399.96 770.02 L 426.40 800.08 L 465.11 819.67 L 511.55 820.98 L 549.61 815.75 L 581.87 801.38 L 607.03 765.45 L 609.61 719.07 L 599.93 680.53 L 577.35 644.59 L 556.71 623.69 L 539.94 610.62M 201.92 462.33 L 183.21 432.93 L 173.53 397.65 L 188.37 360.42 L 219.98 335.59 L 261.26 330.37 L 304.48 339.51 L 330.29 365.64 L 345.77 385.90\n",
  "items": [
    {
      "type": "number",
      "x": 325.23318589417534,
      "y": 573.6123947673374,
      "strokeNumber": 1,
      "size": "medium",
      "id": "number_1765470263739"
    },
    {
      "type": "number",
      "x": 191.9351437452739,
      "y": 353.8372477743361,
      "strokeNumber": 2,
      "size": "medium",
      "id": "number_1765470273969"
    },
    {
      "type": "line",
      "x1": 294.93817631487957,
      "y1": 480.8867499987285,
      "x2": 307.5222572170486,
      "y2": 496.2556413968404,
      "angle": 0.8846953602121026,
      "arrowType": "triangle",
      "id": "line_1765470281309"
    },
    {
      "type": "line",
      "x1": 288.4130973285697,
      "y1": 812.8548041979471,
      "x2": 305.65794893524577,
      "y2": 804.658062118954,
      "angle": -0.44370557397663013,
      "arrowType": "triangle",
      "id": "line_1765470284686"
    },
    {
      "type": "line",
      "x1": 544.755486076457,
      "y1": 816.9531752374437,
      "x2": 562.0003376831331,
      "y2": 809.7810259183248,
      "angle": -0.39413845554659693,
      "arrowType": "triangle",
      "id": "line_1765470290620"
    },
    {
      "type": "line",
      "x1": 275.8290164264007,
      "y1": 332.32079981697933,
      "x2": 292.60779096262604,
      "y2": 339.4929491360982,
      "angle": 0.40394711946342066,
      "arrowType": "triangle",
      "id": "line_1765470294284"
    }
  ],
  "exportDate": "2025-12-11T16:24:56.072Z"
}
