{
  "svgViewBox": {
    "x": 0,
    "y": 0,
    "width": 200,
    "height": 200
  },
  "svgBounds": {
    "x": 100,
    "y": 260.5799865722656,
    "width": 472.260009765625,
    "height": 620.4400634765625
  },
  "svgPath": "M 432.85 798.54 Q 393.43 798.54 365.69 782.48 Q 337.96 766.42 313.14 737.96 Q 293.43 764.96 269.71 781.75 Q 245.99 798.54 206.57 798.54 Q 167.88 798.54 144.53 782.48 Q 121.17 766.42 110.58 741.24 Q 100.00 716.06 100.00 689.05 Q 100.00 641.61 129.93 612.77 Q 159.85 583.94 202.92 583.94 Q 229.20 583.94 249.64 593.07 Q 270.07 602.19 289.78 621.53 Q 309.49 640.88 332.85 672.26 Q 352.55 697.81 367.88 713.14 Q 383.21 728.47 399.27 734.67 Q 415.33 740.88 436.50 740.88 Q 472.99 740.88 492.34 717.15 Q 511.68 693.43 511.68 648.91 Q 511.68 606.57 494.89 574.82 Q 478.10 543.07 448.91 520.07 Q 419.71 497.08 383.21 481.02 L 410.95 424.82 Q 456.20 443.80 492.70 475.91 Q 529.20 508.03 550.73 550.73 Q 572.26 593.43 572.26 645.26 Q 572.26 717.52 535.77 758.03 Q 499.27 798.54 432.85 798.54 Z M 156.93 690.51 Q 156.93 713.14 171.17 728.47 Q 185.40 743.80 210.22 743.80 Q 233.58 743.80 249.64 730.66 Q 265.69 717.52 277.37 692.70 Q 256.20 664.23 241.24 651.46 Q 226.28 638.69 204.38 638.69 Q 183.94 638.69 170.44 651.82 Q 156.93 664.96 156.93 690.51 Z M 283.21 881.02 288.32 778.10 H 343.07 L 348.91 881.02 Z M 222.63 479.56 Q 201.46 479.56 182.12 471.53 Q 162.77 463.50 146.72 441.24 Q 130.66 418.98 118.98 378.10 L 179.56 358.39 Q 190.51 398.54 200.73 411.68 Q 210.95 424.82 227.01 424.82 Q 241.61 424.82 254.38 415.69 Q 267.15 406.57 290.51 377.37 L 313.14 348.18 Q 337.96 316.06 358.76 297.08 Q 379.56 278.10 402.92 269.34 Q 426.28 260.58 458.39 260.58 L 462.77 316.79 Q 437.23 318.25 420.07 324.82 Q 402.92 331.39 388.69 345.62 Q 374.45 359.85 355.47 383.94 L 338.69 405.84 Q 308.03 445.26 281.75 462.41 Q 255.47 479.56 222.63 479.56 Z",
  "centerlinePath": "M 292.35 667.34 L 271.18 640.68 L 237.42 620.51 L 189.92 614.75 L 145.85 636.36 L 129.83 676.70 L 135.55 719.21 L 160.16 755.95 L 211.09 771.08 L 250.58 757.39 L 280.91 733.62 L 302.08 709.12 L 311.81 685.35 L 332.98 716.33 L 361.60 740.10 L 395.36 760.28 L 441.14 768.20 L 488.64 755.95 L 520.68 730.02 L 538.42 694.72 L 545.29 655.09 L 540.14 616.91 L 528.12 577.28 L 508.67 543.42 L 482.91 510.28 L 449.15 482.91 L 414.82 460.57M 152.15 376.28 L 161.30 404.38 L 179.62 431.03 L 207.66 448.33 L 240.28 449.05 L 274.04 431.76 L 296.93 405.82 L 318.10 381.32 L 340.99 356.83 L 366.17 328.01 L 394.21 306.40 L 431.41 290.55M 315.81 786.21 L 315.24 823.67 L 316.39 861.86",
  "items": [
    {
      "type": "line",
      "x1": 132.55709213399513,
      "y1": 670.5802808337743,
      "x2": 134.125047816271,
      "y2": 697.0064316855536,
      "angle": 1.5115323200404815,
      "arrowType": "triangle",
      "id": "line_1765460135711"
    },
    {
      "type": "line",
      "x1": 534.4763986907103,
      "y1": 700.4533209270901,
      "x2": 539.1802657375379,
      "y2": 683.2188747194078,
      "angle": -1.3043518342567801,
      "arrowType": "triangle",
      "id": "line_1765460141429"
    },
    {
      "type": "line",
      "x1": 271.58249596245577,
      "y1": 429.2980339262221,
      "x2": 294.0565274084099,
      "y2": 408.61669847700335,
      "angle": -0.7438815219036671,
      "arrowType": "triangle",
      "id": "line_1765460147833"
    },
    {
      "type": "number",
      "x": 191.09410427229437,
      "y": 616.0045345094469,
      "strokeNumber": 1,
      "size": "medium",
      "id": "number_1765460157418"
    },
    {
      "type": "number",
      "x": 164.43885767360456,
      "y": 421.8297739028931,
      "strokeNumber": 2,
      "size": "medium",
      "id": "number_1765460163668"
    },
    {
      "type": "number",
      "x": 317.0532107484561,
      "y": 842.3502613703411,
      "strokeNumber": 3,
      "size": "medium",
      "id": "number_1765460168679"
    }
  ],
  "exportDate": "2025-12-11T13:36:19.726Z"
}
