{
  "svgViewBox": {
    "x": 0,
    "y": 0,
    "width": 200,
    "height": 200
  },
  "svgBounds": {
    "x": 100,
    "y": 100,
    "width": 606.780029296875,
    "height": 800
  },
  "svgPath": "M 100.00 630.80 Q 100.00 546.13 135.82 481.55 Q 171.64 416.96 235.14 380.60 Q 298.64 344.23 383.31 344.23 Q 469.06 344.23 532.56 379.51 Q 596.07 414.79 631.89 478.83 Q 667.71 542.88 667.71 629.72 Q 667.71 710.04 632.97 771.37 Q 598.24 832.70 534.19 866.35 Q 470.15 900.00 383.31 900.00 Q 297.56 900.00 234.06 866.35 Q 170.56 832.70 135.28 772.46 Q 100.00 712.21 100.00 630.80 Z M 190.09 617.77 Q 190.09 705.70 238.94 759.97 Q 287.79 814.25 383.31 814.25 Q 479.92 814.25 528.77 760.52 Q 577.61 706.78 577.61 624.29 Q 577.61 568.93 556.45 523.88 Q 535.28 478.83 492.40 452.24 Q 449.53 425.64 383.31 425.64 Q 317.10 425.64 274.22 452.24 Q 231.34 478.83 210.72 522.25 Q 190.09 565.67 190.09 617.77 Z M 349.66 425.64 Q 318.18 425.64 289.42 413.70 Q 260.65 401.76 236.77 368.66 Q 212.89 335.55 195.52 274.76 L 285.62 245.45 Q 301.90 305.16 317.10 324.69 Q 332.29 344.23 356.17 344.23 Q 377.88 344.23 396.88 330.66 Q 415.88 317.10 450.61 273.68 L 484.26 230.26 Q 521.17 182.50 552.10 154.27 Q 583.04 126.05 617.77 113.03 Q 652.51 100.00 700.27 100.00 L 706.78 183.58 Q 668.79 185.75 643.28 195.52 Q 617.77 205.29 596.61 226.46 Q 575.44 247.63 547.22 283.45 L 522.25 316.01 Q 476.66 374.63 437.58 400.14 Q 398.51 425.64 349.66 425.64 Z",
  "centerlinePath": "M 359.22 387.50 L 304.79 398.30 L 241.89 421.70 L 198.07 459.50 L 171.92 508.10 L 153.54 573.80 L 146.48 634.10 L 153.54 692.60 L 171.21 741.20 L 196.66 781.70 L 232.00 814.10 L 270.16 841.10 L 312.57 855.50 L 370.52 860.00 L 431.31 853.70 L 487.14 841.10 L 533.79 812.30 L 574.08 777.20 L 603.06 727.70 L 615.78 671.90 L 624.97 615.20 L 616.48 559.40 L 600.23 515.30 L 574.78 475.70 L 542.27 445.10 L 494.21 411.80 L 447.56 394.70 L 386.78 386.60M 242.60 269.60 L 256.73 311.00 L 278.64 350.60 L 306.21 380.30 L 338.72 384.80 L 378.30 378.50 L 423.53 359.60 L 453.22 327.20 L 482.20 294.80 L 514.00 256.10 L 545.10 216.50 L 590.33 177.80 L 632.03 154.40 L 680.09 141.80",
  "items": [
    {
      "type": "line",
      "x1": 166.51022356091326,
      "y1": 727.9166666666666,
      "x2": 187.40147113904482,
      "y2": 763.4722222222222,
      "angle": 1.0395693926936924,
      "arrowType": "triangle",
      "id": "line_1765462028286"
    },
    {
      "type": "line",
      "x1": 613.31335724805,
      "y1": 693.8425925925925,
      "x2": 618.7046469456322,
      "y2": 656.8055555555555,
      "angle": -1.4262467585177308,
      "arrowType": "triangle",
      "id": "line_1765462030945"
    },
    {
      "type": "line",
      "x1": 582.9873526991494,
      "y1": 184.212962962963,
      "x2": 626.1176702798081,
      "y2": 163.47222222222223,
      "angle": -0.44823934347836586,
      "arrowType": "triangle",
      "id": "line_1765462035317"
    },
    {
      "type": "number",
      "x": 140.90159749739712,
      "y": 616.0648148148149,
      "strokeNumber": 1,
      "size": "medium",
      "id": "number_1765462053628"
    },
    {
      "type": "number",
      "x": 533.1179229965126,
      "y": 234.58333333333331,
      "strokeNumber": 2,
      "size": "medium",
      "id": "number_1765462060548"
    }
  ],
  "exportDate": "2025-12-11T14:07:44.492Z"
}
