{
  "svgViewBox": {
    "x": 0,
    "y": 0,
    "width": 200,
    "height": 200
  },
  "svgBounds": {
    "x": 100,
    "y": 165.58999633789062,
    "width": 1110.1199951171875,
    "height": 414.5699768066406
  },
  "svgPath": "M 502.43 580.16 Q 460.32 580.16 429.96 565.18 Q 399.60 550.20 374.49 510.53 Q 344.53 552.63 312.55 566.40 Q 280.57 580.16 236.84 580.16 Q 192.31 580.16 162.75 564.37 Q 133.20 548.58 118.62 522.27 Q 104.05 495.95 104.05 465.18 Q 104.05 415.79 134.41 386.64 Q 164.78 357.49 223.89 336.44 Q 257.09 324.29 276.52 310.53 Q 295.95 296.76 295.95 270.04 Q 295.95 251.42 282.59 238.06 Q 269.23 224.70 235.22 224.70 Q 200.40 224.70 183.40 238.06 Q 166.40 251.42 166.40 274.90 Q 166.40 285.43 169.23 294.33 Q 172.06 303.24 174.49 308.91 L 113.77 325.91 Q 100.00 300.81 100.00 266.80 Q 100.00 240.89 113.77 217.81 Q 127.53 194.74 157.49 180.16 Q 187.45 165.59 235.22 165.59 Q 283.81 165.59 311.34 181.78 Q 338.87 197.98 350.61 222.27 Q 362.35 246.56 362.35 270.85 Q 362.35 317.00 335.22 342.91 Q 308.10 368.83 254.66 388.26 Q 211.74 404.45 191.09 421.05 Q 170.45 437.65 170.45 464.37 Q 170.45 487.85 187.04 502.02 Q 203.64 516.19 238.46 516.19 Q 288.66 516.19 314.17 489.88 Q 339.68 463.56 342.91 420.65 H 406.07 Q 410.12 470.04 436.03 493.12 Q 461.94 516.19 495.95 516.19 Q 582.59 516.19 582.59 414.17 Q 582.59 367.21 563.56 331.98 Q 544.53 296.76 512.55 271.26 Q 480.57 245.75 440.08 227.94 L 470.04 165.59 Q 520.24 186.64 560.73 222.27 Q 601.21 257.89 625.51 304.86 Q 649.80 351.82 649.80 409.31 Q 649.80 491.09 609.72 535.63 Q 569.64 580.16 502.43 580.16 Z M 772.06 580.16 Q 717.81 580.16 676.92 552.63 Q 636.03 525.10 604.45 480.57 L 636.84 427.94 Q 670.85 472.47 704.45 494.33 Q 738.06 516.19 777.73 516.19 Q 819.03 516.19 840.89 489.88 Q 862.75 463.56 862.75 414.17 Q 862.75 367.21 843.72 331.98 Q 824.70 296.76 792.71 271.26 Q 760.73 245.75 720.24 227.94 L 750.20 165.59 Q 800.40 186.64 840.89 222.27 Q 881.38 257.89 905.67 304.86 Q 929.96 351.82 929.96 409.31 Q 929.96 489.47 889.47 534.82 Q 848.99 580.16 772.06 580.16 Z M 1052.23 580.16 Q 997.98 580.16 957.09 552.63 Q 916.19 525.10 884.62 480.57 L 917.00 427.94 Q 951.01 472.47 984.62 494.33 Q 1018.22 516.19 1057.89 516.19 Q 1099.19 516.19 1121.05 489.88 Q 1142.91 463.56 1142.91 414.17 Q 1142.91 367.21 1123.89 331.98 Q 1104.86 296.76 1072.87 271.26 Q 1040.89 245.75 1000.40 227.94 L 1030.36 165.59 Q 1080.57 186.64 1121.05 222.27 Q 1161.54 257.89 1185.83 304.86 Q 1210.12 351.82 1210.12 409.31 Q 1210.12 489.47 1169.64 534.82 Q 1129.15 580.16 1052.23 580.16 Z",
  "centerlinePath": "M 137.73 308.55 L 132.89 276.65 L 140.15 245.26 L 165.57 216.96 L 199.45 200.49 L 247.85 198.95 L 296.26 212.33 L 321.67 248.86 L 321.67 295.69 L 291.42 328.62 L 247.85 351.26 L 207.92 369.79 L 170.41 397.57 L 146.20 432.05 L 140.15 480.93 L 166.78 519.53 L 209.13 540.62 L 258.75 545.77 L 302.31 533.94 L 334.98 510.27 L 357.98 478.36 L 371.29 441.31 L 387.02 478.36 L 414.85 512.84 L 449.94 534.96 L 500.77 545.26 L 552.80 537.54 L 587.90 505.63 L 606.05 457.26 L 612.10 401.18 L 606.05 364.64 L 590.32 331.71 L 570.96 292.09 L 538.28 251.95 L 501.98 225.71 L 471.73 208.21 L 457.21 201.01M 647.19 489.17 L 681.08 515.41 L 717.38 534.96 L 758.53 547.83 L 809.35 545.26 L 850.49 527.76 L 878.33 495.86 L 892.85 452.12 L 898.90 407.35 L 895.27 366.70 L 874.70 320.39 L 845.65 285.40 L 811.77 252.47 L 767.00 219.02 L 735.53 206.15M 925.52 485.05 L 952.14 514.90 L 983.61 533.94 L 1028.38 547.83 L 1084.05 546.29 L 1132.45 528.28 L 1160.29 494.83 L 1177.23 448.52 L 1178.44 396.03 L 1169.97 354.35 L 1149.39 316.27 L 1117.93 273.05 L 1086.47 242.17 L 1050.16 216.96 L 1017.49 202.04",
  "items": [
    {
      "type": "line",
      "x1": 226.0805557253187,
      "y1": 195.75688135359022,
      "x2": 282.36651810269314,
      "y2": 218.3704368096811,
      "angle": 0.38202433711948325,
      "arrowType": "triangle",
      "id": "line_1765378883266"
    },
    {
      "type": "line",
      "x1": 460.06934217983235,
      "y1": 545.2391020386308,
      "x2": 517.963474910846,
      "y2": 539.0717687324242,
      "angle": -0.10612753446092896,
      "arrowType": "triangle",
      "id": "line_1765378912299"
    },
    {
      "type": "line",
      "x1": 896.687593192894,
      "y1": 409.5577693020856,
      "x2": 882.2140600101404,
      "y2": 351.99599177749076,
      "angle": -1.8171330894985995,
      "arrowType": "triangle",
      "id": "line_1765378927178"
    },
    {
      "type": "line",
      "x1": 1182.1378309638642,
      "y1": 421.89243591449883,
      "x2": 1166.0561274274717,
      "y2": 364.33065838990393,
      "angle": -1.8432315284761784,
      "arrowType": "triangle",
      "id": "line_1765378933583"
    },
    {
      "type": "number",
      "x": 322.57077694367484,
      "y": 308.82465863404445,
      "strokeNumber": 1,
      "size": "small",
      "id": "number_1765378952204"
    },
    {
      "type": "number",
      "x": 839.5975456386999,
      "y": 530.848657657482,
      "strokeNumber": 2,
      "size": "small",
      "id": "number_1765378976567"
    },
    {
      "type": "number",
      "x": 1150.7785090678985,
      "y": 508.23510220139116,
      "strokeNumber": 3,
      "size": "small",
      "id": "number_1765378986028"
    }
  ],
  "exportDate": "2025-12-10T15:14:07.121Z"
}
