{
  "svgViewBox": {
    "x": 0,
    "y": 0,
    "width": 200,
    "height": 200
  },
  "svgBounds": {
    "x": 100,
    "y": 100,
    "width": 691.5999755859375,
    "height": 800
  },
  "svgPath": "M 580.22 898.92 Q 529.27 898.92 491.33 882.11 Q 453.39 865.31 419.78 830.08 Q 386.18 794.85 346.07 741.73 Q 311.38 695.12 292.41 677.24 Q 273.44 659.35 246.34 659.35 Q 221.41 659.35 205.15 679.40 Q 188.89 699.46 188.89 730.89 Q 188.89 768.83 201.90 802.44 Q 214.91 836.04 240.92 870.73 L 153.12 900.00 Q 129.27 862.06 114.63 821.41 Q 100.00 780.76 100.00 730.89 Q 100.00 664.77 141.19 620.33 Q 182.38 575.88 247.43 575.88 Q 289.70 575.88 318.43 590.51 Q 347.15 605.15 371.54 631.71 Q 395.93 658.27 424.12 696.21 Q 456.64 738.48 480.49 763.96 Q 504.34 789.43 529.27 801.36 Q 554.20 813.28 588.89 813.28 Q 643.09 813.28 672.36 778.05 Q 701.63 742.82 701.63 676.69 Q 701.63 613.82 676.69 566.67 Q 651.76 519.51 608.40 485.37 Q 565.04 451.22 510.84 427.37 L 552.03 343.90 Q 619.24 372.09 673.44 419.78 Q 727.64 467.48 759.62 530.89 Q 791.60 594.31 791.60 671.27 Q 791.60 777.51 737.40 838.21 Q 683.20 898.92 580.22 898.92 Z M 282.11 425.20 Q 250.68 425.20 221.95 413.28 Q 193.22 401.36 169.38 368.29 Q 145.53 335.23 128.18 274.53 L 218.16 245.26 Q 234.42 304.88 249.59 324.39 Q 264.77 343.90 288.62 343.90 Q 310.30 343.90 329.27 330.35 Q 348.24 316.80 382.93 273.44 L 416.53 230.08 Q 453.39 182.38 484.28 154.20 Q 515.18 126.02 549.86 113.01 Q 584.55 100.00 632.25 100.00 L 638.75 183.47 Q 600.81 185.64 575.34 195.39 Q 549.86 205.15 528.73 226.29 Q 507.59 247.43 479.40 283.20 L 454.47 315.72 Q 408.94 374.25 369.92 399.73 Q 330.89 425.20 282.11 425.20 Z",
  "centerlinePath": "M 190.51 875.30 L 169.93 841.10 L 150.93 795.20 L 141.43 751.10 L 143.01 699.80 L 162.80 658.40 L 202.38 627.80 L 248.30 618.80 L 291.83 627.80 L 325.08 653.90 L 354.37 685.40 L 376.54 717.80 L 400.28 747.50 L 427.20 775.40 L 460.44 809.60 L 502.40 835.70 L 549.10 857.30 L 596.60 859.10 L 649.64 845.60 L 690.80 822.20 L 720.09 786.20 L 738.30 732.20 L 744.63 674.60 L 735.92 618.80 L 723.26 569.30 L 699.51 524.30 L 664.68 482.90 L 631.43 449.60 L 588.68 419.90 L 548.31 399.20M 174.68 270.50 L 190.51 311.90 L 211.09 352.40 L 249.09 374.90 L 296.58 378.50 L 339.33 363.20 L 373.37 336.20 L 405.82 301.10 L 435.11 265.10 L 465.99 228.20 L 503.98 193.10 L 545.15 158.90 L 594.22 143.60 L 621.93 139.10",
  "items": [
    {
      "type": "line",
      "x1": 301.91994398873993,
      "y1": 636.8055555555555,
      "x2": 335.61550459862957,
      "y2": 669.3981481481482,
      "angle": 0.7687607071833922,
      "arrowType": "triangle",
      "id": "line_1765468865035"
    },
    {
      "type": "line",
      "x1": 364.5936867231347,
      "y1": 336.80555555555554,
      "x2": 410.4196491525846,
      "y2": 292.3611111111111,
      "angle": -0.7700951400844369,
      "arrowType": "triangle",
      "id": "line_1765468892787"
    },
    {
      "type": "number",
      "x": 146.24645397104976,
      "y": 681.25,
      "strokeNumber": 1,
      "size": "medium",
      "id": "number_1765468901776"
    },
    {
      "type": "number",
      "x": 208.9201967054445,
      "y": 344.9537037037037,
      "strokeNumber": 2,
      "size": "medium",
      "id": "number_1765468908072"
    }
  ],
  "exportDate": "2025-12-11T16:01:51.464Z"
}
