{
  "svgViewBox": {
    "x": 0,
    "y": 0,
    "width": 200,
    "height": 200
  },
  "svgBounds": {
    "x": 100,
    "y": 312.1300048828125,
    "width": 573.9000244140625,
    "height": 522.9199829101562
  },
  "svgPath": "M 524.25 835.05 Q 481.50 835.05 450.67 819.84 Q 419.84 804.62 394.35 765.16 Q 367.21 807.91 333.92 821.48 Q 300.62 835.05 261.97 835.05 Q 210.17 835.05 174.00 809.56 Q 137.82 784.07 118.91 738.85 Q 100.00 693.63 100.00 634.43 Q 100.00 570.30 118.50 525.49 Q 137.00 480.68 166.60 454.37 Q 196.20 428.06 230.73 419.01 L 225.80 312.13 H 299.79 L 294.86 415.72 Q 335.97 422.30 358.99 449.43 Q 382.01 476.57 382.01 518.50 Q 382.01 568.65 351.18 600.31 Q 320.35 631.96 254.57 631.96 Q 229.09 631.96 206.47 624.15 Q 183.86 616.34 165.78 604.83 Q 164.95 615.52 164.95 626.21 V 632.79 Q 164.95 666.50 173.59 698.15 Q 182.22 729.80 204.01 749.95 Q 225.80 770.09 263.62 770.09 Q 311.31 770.09 335.15 743.37 Q 358.99 716.65 362.28 673.07 H 426.41 Q 430.52 723.23 456.83 746.66 Q 483.14 770.09 517.68 770.09 Q 605.65 770.09 605.65 666.50 Q 605.65 618.81 586.33 583.04 Q 567.01 547.28 534.53 521.38 Q 502.06 495.48 460.95 477.39 L 491.37 414.08 Q 542.34 435.46 583.45 471.63 Q 624.56 507.81 649.23 555.50 Q 673.90 603.19 673.90 661.56 Q 673.90 744.60 633.20 789.83 Q 592.50 835.05 524.25 835.05 Z M 268.55 472.46 Q 238.13 472.46 213.46 492.19 Q 188.80 511.92 176.46 549.74 Q 189.62 559.61 208.12 567.01 Q 226.62 574.41 250.46 574.41 Q 283.35 574.41 300.21 560.43 Q 317.06 546.45 317.06 521.79 Q 317.06 497.94 303.91 485.20 Q 290.75 472.46 268.55 472.46 Z",
  "centerlinePath": "M 183.77 587.92 L 220.16 599.13 L 256.55 602.24 L 295.64 596.02 L 334.05 575.46 L 348.20 527.49 L 339.44 482.64 L 306.42 450.87 L 242.40 448.38 L 192.53 467.07 L 162.20 500.09 L 141.99 557.39 L 133.23 614.08 L 133.23 669.52 L 145.36 714.37 L 164.23 760.47 L 197.25 790.99 L 232.29 800.96 L 280.81 802.82 L 319.90 790.37 L 356.29 761.09 L 377.18 729.32 L 387.96 684.47 L 403.46 728.07 L 430.42 762.96 L 461.42 789.12 L 501.18 803.45 L 549.02 804.07 L 585.41 786.63 L 619.78 758.60 L 634.61 706.89 L 640.00 653.95 L 631.24 606.60 L 615.74 562.38 L 586.76 523.13 L 553.07 490.74 L 505.89 458.35M 260.59 322.55 L 261.27 361.17 L 262.62 407.27 L 262.62 429.70",
  "items": [
    {
      "type": "line",
      "x1": 314.19122720634357,
      "y1": 457.581154597247,
      "x2": 290.98576753835005,
      "y2": 452.26726548230215,
      "angle": -2.9164808290632585,
      "arrowType": "triangle",
      "id": "line_1765448401816"
    },
    {
      "type": "line",
      "x1": 133.86546770297792,
      "y1": 652.0694962042348,
      "x2": 137.24959723789362,
      "y2": 677.5761639559711,
      "angle": 1.4388904363255708,
      "arrowType": "triangle",
      "id": "line_1765448409875"
    },
    {
      "type": "line",
      "x1": 609.5773908968432,
      "y1": 766.3181121755529,
      "x2": 618.2794382723407,
      "y2": 747.1881113617508,
      "angle": -1.1438832662533165,
      "arrowType": "triangle",
      "id": "line_1765448415670"
    },
    {
      "type": "number",
      "x": 346.0987342498344,
      "y": 534.1011578524553,
      "strokeNumber": 1,
      "size": "medium",
      "id": "number_1765448441750"
    },
    {
      "type": "number",
      "x": 508.5369519257885,
      "y": 802.452558157179,
      "strokeNumber": 1,
      "size": "medium",
      "id": "number_1765448445811"
    },
    {
      "type": "number",
      "x": 259.07826049485914,
      "y": 344.9267053604126,
      "strokeNumber": 2,
      "size": "medium",
      "id": "number_1765448452295"
    }
  ],
  "exportDate": "2025-12-11T10:21:01.006Z"
}
