{
  "svgViewBox": {
    "x": 0,
    "y": 0,
    "width": 200,
    "height": 200
  },
  "svgBounds": {
    "x": 100,
    "y": 215.22999572753906,
    "width": 466.78997802734375,
    "height": 623.8500366210938
  },
  "svgPath": "M 444.22 756.15 Q 406.06 756.15 380.00 741.83 Q 353.94 727.52 332.66 693.03 Q 309.91 732.66 281.28 744.40 Q 252.66 756.15 219.63 756.15 Q 166.06 756.15 133.03 715.05 Q 100.00 673.94 100.00 600.55 Q 100.00 535.23 128.62 485.69 Q 157.25 436.15 210.09 408.26 Q 262.94 380.37 336.33 380.37 Q 409.72 380.37 461.10 408.62 Q 512.48 436.88 539.63 486.42 Q 566.79 535.96 566.79 600.55 Q 566.79 676.15 533.76 716.15 Q 500.73 756.15 444.22 756.15 Z M 438.35 698.17 Q 469.17 698.17 487.52 675.41 Q 505.87 652.66 505.87 599.08 Q 505.87 551.38 487.89 514.68 Q 469.91 477.98 433.58 456.70 Q 397.25 435.41 341.47 435.41 H 330.46 Q 248.26 435.41 204.59 480.18 Q 160.92 524.95 160.92 596.88 Q 160.92 651.93 178.90 675.05 Q 196.88 698.17 228.44 698.17 Q 261.47 698.17 279.45 677.25 Q 297.43 656.33 304.77 623.30 H 362.02 Q 368.62 660.73 389.91 679.45 Q 411.19 698.17 438.35 698.17 Z M 294.50 550.64 Q 294.50 527.16 305.50 517.61 Q 316.51 508.07 334.13 508.07 Q 350.28 508.07 361.65 517.61 Q 373.03 527.16 373.03 550.64 Q 373.03 574.13 361.65 584.40 Q 350.28 594.68 334.13 594.68 Q 316.51 594.68 305.50 584.40 Q 294.50 574.13 294.50 550.64 Z M 300.37 839.08 305.50 735.60 H 360.55 L 366.42 839.08 Z M 311.38 435.41 Q 290.09 435.41 270.64 427.34 Q 251.19 419.27 235.05 396.88 Q 218.90 374.50 207.16 333.39 L 268.07 313.58 Q 279.08 353.94 289.36 367.16 Q 299.63 380.37 315.78 380.37 Q 330.46 380.37 343.30 371.19 Q 356.15 362.02 379.63 332.66 L 402.39 303.30 Q 427.34 271.01 448.26 251.93 Q 469.17 232.84 492.66 224.04 Q 516.15 215.23 548.44 215.23 L 552.84 271.74 Q 527.16 273.21 509.91 279.82 Q 492.66 286.42 478.35 300.73 Q 464.04 315.05 444.95 339.27 L 428.07 361.28 Q 397.25 400.92 370.83 418.17 Q 344.40 435.41 311.38 435.41 Z",
  "centerlinePath": "M 317.81 409.89 L 273.60 416.41 L 231.66 429.44 L 187.45 454.05 L 158.54 490.96 L 142.10 534.39 L 134.17 576.38 L 134.17 621.26 L 140.97 666.13 L 162.51 701.60 L 191.98 721.87 L 228.26 726.21 L 267.93 716.08 L 294.57 697.26 L 315.54 669.75 L 328.58 643.69 L 343.88 669.03 L 367.12 694.36 L 396.59 716.08 L 434.57 724.77 L 478.21 716.80 L 511.08 692.92 L 533.19 653.10 L 536.59 607.50 L 532.62 561.90 L 521.29 515.57 L 498.05 480.83 L 470.27 450.43 L 439.10 427.99 L 398.29 414.96 L 364.85 408.44 L 335.95 408.44M 242.43 337.51 L 252.63 367.91 L 271.33 392.52 L 300.80 406.27 L 331.41 402.65 L 356.92 394.69 L 380.72 373.70 L 401.13 347.64 L 425.50 317.96 L 449.30 289.01 L 478.78 265.12 L 517.32 247.75M 331.41 752.27 L 331.41 789.91 L 333.68 831.90M 333.68 554.66",
  "items": [
    {
      "type": "line",
      "x1": 135.00952121444442,
      "y1": 595.7135336875915,
      "x2": 136.58609446847802,
      "y2": 623.4402019818624,
      "angle": 1.513996230983873,
      "arrowType": "triangle",
      "id": "line_1765451902604"
    },
    {
      "type": "line",
      "x1": 537.0357009930113,
      "y1": 611.8874235259161,
      "x2": 534.9336033209665,
      "y2": 573.7632546212939,
      "angle": -1.6258787411812163,
      "arrowType": "triangle",
      "id": "line_1765451906329"
    },
    {
      "type": "line",
      "x1": 472.3961975776339,
      "y1": 268.19226446151737,
      "x2": 494.9937475521154,
      "y2": 257.7947638511658,
      "angle": -0.4312347079821366,
      "arrowType": "triangle",
      "id": "line_1765451911332"
    },
    {
      "type": "number",
      "x": 156.03049793489237,
      "y": 491.73852758407594,
      "strokeNumber": 1,
      "size": "medium",
      "id": "number_1765451950541"
    },
    {
      "type": "number",
      "x": 419.84375577651394,
      "y": 322.4903232044644,
      "strokeNumber": 2,
      "size": "medium",
      "id": "number_1765451958813"
    },
    {
      "type": "number",
      "x": 331.5556535506326,
      "y": 793.8436842070686,
      "strokeNumber": 3,
      "size": "medium",
      "id": "number_1765451965282"
    },
    {
      "type": "number",
      "x": 332.60670238665506,
      "y": 552.3906144777934,
      "strokeNumber": 4,
      "size": "medium",
      "id": "number_1765451970466"
    }
  ],
  "exportDate": "2025-12-11T11:19:35.892Z"
}
