{
  "svgViewBox": {
    "x": 0,
    "y": 0,
    "width": 200,
    "height": 200
  },
  "svgBounds": {
    "x": 100,
    "y": 329.6000061035156,
    "width": 660.989990234375,
    "height": 570.4000244140625
  },
  "svgPath": "M 563.68 900.00 Q 493.72 900.00 453.36 879.37 Q 413.00 858.74 389.69 823.77 Q 360.99 871.30 325.56 885.65 Q 290.13 900.00 248.88 900.00 Q 182.51 900.00 141.26 850.67 Q 100.00 801.35 100.00 715.25 Q 100.00 595.96 173.09 524.66 Q 246.19 453.36 372.65 442.60 L 367.26 329.60 H 447.98 L 441.70 441.70 Q 504.48 444.39 554.26 462.78 Q 604.04 481.17 649.78 508.97 L 605.83 568.16 Q 560.09 538.57 515.70 523.32 Q 471.30 508.07 412.11 508.07 Q 256.95 508.07 198.65 604.04 H 760.99 V 668.61 H 631.84 Q 668.61 679.37 690.13 707.17 Q 711.66 734.98 711.66 776.23 Q 711.66 836.32 669.06 868.16 Q 626.46 900.00 563.68 900.00 Z M 172.65 712.56 Q 172.65 775.34 195.52 802.24 Q 218.39 829.15 259.64 829.15 Q 303.59 829.15 327.80 800.00 Q 352.02 770.85 355.61 723.32 H 425.56 Q 427.35 752.02 437.22 775.34 Q 447.09 798.65 467.71 812.11 Q 464.13 801.35 461.43 790.58 Q 458.74 779.82 458.74 768.16 Q 458.74 727.80 478.48 703.14 Q 498.21 678.48 533.18 668.61 H 176.23 Q 172.65 689.24 172.65 712.56 Z M 521.52 778.03 Q 521.52 793.27 526.01 807.17 Q 530.49 821.08 537.67 831.84 Q 551.12 832.74 567.26 832.74 Q 639.91 832.74 639.91 773.54 Q 639.91 745.74 623.32 733.18 Q 606.73 720.63 580.72 720.63 Q 556.50 720.63 539.01 733.63 Q 521.52 746.64 521.52 778.03 Z",
  "centerlinePath": "M 600.58 522.28 L 567.85 504.18 L 535.13 490.11 L 491.75 476.70 L 446.10 470.66 L 407.28 469.99 L 362.39 473.35 L 318.25 480.05 L 280.96 493.46 L 239.87 512.90 L 198.77 543.07 L 174.42 575.92 L 156.16 624.86 L 143.22 671.78 L 139.42 717.37 L 142.46 764.30 L 156.92 809.22 L 185.08 840.05 L 221.60 856.81 L 271.83 864.19 L 310.64 848.77 L 341.08 829.33 L 367.71 805.19 L 382.93 766.31 L 410.33 807.20 L 444.57 838.04 L 480.34 859.50 L 525.24 866.87 L 561.77 871.56 L 602.10 866.20 L 645.47 846.76 L 668.30 810.56 L 673.63 762.96 L 654.61 714.02 L 612.75 697.26 L 560.24 697.93 L 520.67 715.36 L 498.60 752.90 L 496.32 791.79 L 497.08 817.26M 403.48 347.98 L 405.76 390.22 L 405.76 428.43M 191.16 638.93 L 229.97 638.93 L 274.87 638.93 L 312.92 636.92 L 354.02 638.26 L 396.63 638.93 L 443.05 638.93 L 496.32 637.59 L 543.50 640.28 L 597.53 639.60 L 643.95 638.93 L 688.85 638.26 L 738.32 638.26",
  "items": [
    {
      "type": "line",
      "x1": 226.77832059543857,
      "y1": 521.5805387850161,
      "x2": 213.37275799471246,
      "y2": 533.8210941597267,
      "angle": 2.4015895425554703,
      "arrowType": "triangle",
      "id": "line_1765536001177"
    },
    {
      "type": "line",
      "x1": 650.489852796961,
      "y1": 837.3868674525509,
      "x2": 658.1501742830902,
      "y2": 822.6982010028981,
      "angle": -1.0900872917739128,
      "arrowType": "triangle",
      "id": "line_1765536016976"
    },
    {
      "type": "line",
      "x1": 430.25561007074594,
      "y1": 636.6417593072962,
      "x2": 478.61138945193665,
      "y2": 637.8658148447672,
      "angle": 0.025308126672642206,
      "arrowType": "triangle",
      "id": "line_1765536031643"
    },
    {
      "type": "number",
      "x": 307.21169619979537,
      "y": 487.3069837358262,
      "strokeNumber": 1,
      "size": "medium",
      "id": "number_1765536042253"
    },
    {
      "type": "number",
      "x": 405.8383353337091,
      "y": 366.1254855261908,
      "strokeNumber": 2,
      "size": "medium",
      "id": "number_1765536047627"
    },
    {
      "type": "number",
      "x": 316.7870980574569,
      "y": 645.2101480695935,
      "strokeNumber": 3,
      "size": "medium",
      "id": "number_1765536053431"
    }
  ],
  "exportDate": "2025-12-12T10:40:55.950Z"
}
