{
  "svgViewBox": {
    "x": 0,
    "y": 0,
    "width": 200,
    "height": 200
  },
  "svgBounds": {
    "x": 100,
    "y": 329.6000061035156,
    "width": 660.989990234375,
    "height": 570.4000244140625
  },
  "svgPath": "M 563.68 900.00 Q 493.72 900.00 453.36 879.37 Q 413.00 858.74 389.69 823.77 Q 360.99 871.30 325.56 885.65 Q 290.13 900.00 248.88 900.00 Q 182.51 900.00 141.26 850.67 Q 100.00 801.35 100.00 715.25 Q 100.00 595.96 173.09 524.66 Q 246.19 453.36 372.65 442.60 L 367.26 329.60 H 447.98 L 441.70 441.70 Q 504.48 444.39 554.26 462.78 Q 604.04 481.17 649.78 508.97 L 605.83 568.16 Q 560.09 538.57 515.70 523.32 Q 471.30 508.07 412.11 508.07 Q 256.95 508.07 198.65 604.04 H 760.99 V 668.61 H 631.84 Q 668.61 679.37 690.13 707.17 Q 711.66 734.98 711.66 776.23 Q 711.66 836.32 669.06 868.16 Q 626.46 900.00 563.68 900.00 Z M 172.65 712.56 Q 172.65 775.34 195.52 802.24 Q 218.39 829.15 259.64 829.15 Q 303.59 829.15 327.80 800.00 Q 352.02 770.85 355.61 723.32 H 425.56 Q 427.35 752.02 437.22 775.34 Q 447.09 798.65 467.71 812.11 Q 464.13 801.35 461.43 790.58 Q 458.74 779.82 458.74 768.16 Q 458.74 727.80 478.48 703.14 Q 498.21 678.48 533.18 668.61 H 176.23 Q 172.65 689.24 172.65 712.56 Z M 521.52 778.03 Q 521.52 793.27 526.01 807.17 Q 530.49 821.08 537.67 831.84 Q 551.12 832.74 567.26 832.74 Q 639.91 832.74 639.91 773.54 Q 639.91 745.74 623.32 733.18 Q 606.73 720.63 580.72 720.63 Q 556.50 720.63 539.01 733.63 Q 521.52 746.64 521.52 778.03 Z",
  "centerlinePath": "M 600.58 522.28 L 567.85 504.18 L 535.13 490.11 L 491.75 476.70 L 446.10 470.66 L 407.28 469.99 L 362.39 473.35 L 318.25 480.05 L 280.96 493.46 L 239.87 512.90 L 198.77 543.07 L 174.42 575.92 L 156.16 624.86 L 143.22 671.78 L 139.42 717.37 L 142.46 764.30 L 156.92 809.22 L 185.08 840.05 L 221.60 856.81 L 271.83 864.19 L 310.64 848.77 L 341.08 829.33 L 367.71 805.19 L 382.93 766.31 L 410.33 807.20 L 444.57 838.04 L 480.34 859.50 L 525.24 866.87 L 561.77 871.56 L 602.10 866.20 L 645.47 846.76 L 668.30 810.56 L 673.63 762.96 L 654.61 714.02 L 612.75 697.26 L 560.24 697.93 L 520.67 715.36 L 498.60 752.90 L 496.32 791.79 L 497.08 817.26M 403.48 347.98 L 405.76 390.22 L 405.76 428.43M 191.16 638.93 L 229.97 638.93 L 274.87 638.93 L 312.92 636.92 L 354.02 638.26 L 396.63 638.93 L 443.05 638.93 L 496.32 637.59 L 543.50 640.28 L 597.53 639.60 L 643.95 638.93 L 688.85 638.26 L 738.32 638.26",
  "items": [
    {
      "type": "line",
      "x1": 238.11689586187913,
      "y1": 514.8482333289252,
      "x2": 210.83317122075005,
      "y2": 538.1052885408754,
      "angle": 2.4356982468829376,
      "arrowType": "triangle",
      "id": "line_1765469643736"
    },
    {
      "type": "line",
      "x1": 195.79928213278092,
      "y1": 846.5672839835839,
      "x2": 225.31024960175733,
      "y2": 856.3597282833523,
      "angle": 0.32039144922320034,
      "arrowType": "triangle",
      "id": "line_1765469647245"
    },
    {
      "type": "line",
      "x1": 571.6465093320086,
      "y1": 867.3762281205918,
      "x2": 600.6006660940232,
      "y2": 862.4800059707077,
      "angle": -0.16751779952264234,
      "arrowType": "triangle",
      "id": "line_1765469649735"
    },
    {
      "type": "line",
      "x1": 554.942188123154,
      "y1": 703.3527860994693,
      "x2": 534.8970026725285,
      "y2": 715.5933414741799,
      "angle": 2.5933803992281637,
      "arrowType": "triangle",
      "id": "line_1765469661230"
    },
    {
      "type": "line",
      "x1": 398.4783794668829,
      "y1": 639.7018981509738,
      "x2": 433.55745400547755,
      "y2": 638.4778426135027,
      "angle": -0.0348800278031565,
      "arrowType": "triangle",
      "id": "line_1765469668616"
    },
    {
      "type": "number",
      "x": 295.46839867894647,
      "y": 485.4709004296196,
      "strokeNumber": 1,
      "size": "medium",
      "id": "number_1765469675869"
    },
    {
      "type": "number",
      "x": 672.9860579990595,
      "y": 764.5555629730223,
      "strokeNumber": 1,
      "size": "medium",
      "id": "number_1765469682775"
    },
    {
      "type": "number",
      "x": 284.3321845397101,
      "y": 637.8658148447672,
      "strokeNumber": 2,
      "size": "medium",
      "id": "number_1765469687603"
    },
    {
      "type": "number",
      "x": 405.16010795042473,
      "y": 359.39318007009996,
      "strokeNumber": 3,
      "size": "medium",
      "id": "number_1765469691745"
    }
  ],
  "exportDate": "2025-12-11T16:14:55.673Z"
}
