{
  "svgViewBox": {
    "x": 0,
    "y": 0,
    "width": 200,
    "height": 200
  },
  "svgBounds": {
    "x": 100,
    "y": 314,
    "width": 861.02001953125,
    "height": 531.6599731445312
  },
  "svgPath": "M 532.18 845.66 Q 466.98 845.66 429.36 826.44 Q 391.75 807.21 370.01 774.61 Q 343.26 818.91 310.24 832.29 Q 277.22 845.66 238.77 845.66 Q 176.91 845.66 138.45 799.69 Q 100.00 753.71 100.00 673.46 Q 100.00 580.67 148.07 518.81 Q 196.13 456.95 281.40 432.71 L 275.55 314.00 H 350.78 L 344.93 420.17 Q 369.17 417.66 395.92 417.66 Q 411.81 417.66 427.69 418.50 L 422.68 314.00 H 497.91 L 491.22 428.53 Q 524.66 436.89 554.75 450.26 Q 584.85 463.64 612.43 481.19 L 571.47 536.36 Q 528.84 508.78 487.46 494.57 Q 446.08 480.36 390.91 480.36 Q 246.29 480.36 191.95 569.80 H 783.80 Q 818.08 569.80 843.16 573.15 Q 867.40 560.61 878.68 545.98 Q 889.97 531.35 889.97 516.30 Q 889.97 498.75 879.52 487.46 Q 869.07 476.18 849.01 476.18 Q 826.44 476.18 812.23 489.13 Q 798.01 502.09 784.64 522.15 L 724.45 498.75 Q 743.68 465.31 772.94 443.16 Q 802.19 421.00 847.34 421.00 Q 894.15 421.00 923.41 445.25 Q 952.66 469.49 952.66 511.29 Q 952.66 537.20 940.54 557.26 Q 928.42 577.32 908.36 592.37 Q 915.88 596.55 922.57 602.40 Q 940.13 616.61 950.57 639.18 Q 961.02 661.76 961.02 693.52 Q 961.02 744.51 930.51 773.35 Q 900.00 802.19 845.66 802.19 Q 804.70 802.19 778.79 786.31 Q 752.87 770.43 740.75 747.02 Q 728.63 723.62 728.63 701.04 Q 728.63 679.31 736.15 661.34 Q 743.68 643.36 757.05 629.99 H 595.72 Q 629.99 640.02 650.05 665.94 Q 670.11 691.85 670.11 730.30 Q 670.11 786.31 630.41 815.99 Q 590.70 845.66 532.18 845.66 Z M 167.71 670.95 Q 167.71 729.47 189.03 754.55 Q 210.34 779.62 248.80 779.62 Q 289.76 779.62 312.33 752.46 Q 334.90 725.29 338.24 680.98 H 403.45 Q 405.12 707.73 414.32 729.47 Q 423.51 751.20 442.74 763.74 Q 439.39 753.71 436.89 743.68 Q 434.38 733.65 434.38 722.78 Q 434.38 685.16 452.77 662.17 Q 471.16 639.18 503.76 629.99 H 171.06 Q 167.71 649.22 167.71 670.95 Z M 789.66 696.03 Q 789.66 721.94 805.12 734.48 Q 820.59 747.02 845.66 747.02 Q 873.25 747.02 886.62 731.97 Q 900.00 716.93 900.00 693.52 Q 900.00 663.43 882.86 648.38 Q 865.73 633.33 836.47 630.83 Q 811.39 644.20 800.52 660.50 Q 789.66 676.80 789.66 696.03 Z M 492.89 731.97 Q 492.89 746.19 497.07 759.14 Q 501.25 772.10 507.94 782.13 Q 520.48 782.97 535.53 782.97 Q 603.24 782.97 603.24 727.80 Q 603.24 701.88 587.77 690.18 Q 572.31 678.47 548.07 678.47 Q 525.50 678.47 509.20 690.60 Q 492.89 702.72 492.89 731.97 Z",
  "centerlinePath": "M 580.96 502.14 L 543.48 483.19 L 500.24 465.50 L 448.34 450.97 L 398.37 447.81 L 344.55 447.18 L 290.74 459.18 L 248.45 475.61 L 209.05 498.98 L 175.41 533.72 L 154.27 576.04 L 140.82 628.47 L 137.93 686.58 L 145.62 733.96 L 163.88 774.38 L 196.56 804.07 L 241.72 811.02 L 287.85 800.28 L 322.45 785.12 L 349.36 754.17 L 365.70 715.01 L 392.60 752.27 L 420.47 778.17 L 456.99 800.28 L 505.04 812.91 L 555.98 811.65 L 595.38 798.38 L 628.05 768.70 L 634.78 720.06 L 612.68 677.11 L 566.55 655.00 L 512.73 658.16 L 481.02 684.05 L 468.52 720.69 L 467.56 756.06 L 472.37 788.28M 310.92 324.01 L 309.96 363.17 L 312.84 399.81 L 315.72 440.86M 458.91 325.27 L 458.91 364.43 L 458.91 418.13 L 460.84 445.29M 176.37 601.94 L 216.74 603.20 L 263.83 602.57 L 315.72 600.67 L 377.23 601.94 L 426.24 601.94 L 472.37 601.31 L 523.30 599.41 L 581.92 601.31 L 644.39 599.41 L 704.94 600.04 L 764.52 601.31 L 818.34 600.67 L 873.11 609.52 L 906.75 637.31 L 930.77 679.63 L 920.20 732.69 L 879.84 771.85 L 830.83 775.01 L 785.66 753.54 L 759.71 712.48 L 775.09 667.63 L 799.12 629.73 L 845.24 598.78 L 885.61 578.57 L 913.48 543.19 L 915.40 497.08 L 886.57 460.45 L 838.52 452.23 L 796.23 465.50 L 766.44 492.03",
  "items": [
    {
      "type": "line",
      "x1": 191.55275884918694,
      "y1": 507.82918054086196,
      "x2": 177.8323181497175,
      "y2": 530.1519217879684,
      "angle": 2.1219107519782554,
      "arrowType": "triangle",
      "id": "line_1765536153138"
    },
    {
      "type": "line",
      "x1": 571.9831600617484,
      "y1": 804.402742823848,
      "x2": 593.1874775063831,
      "y2": 791.6468906826443,
      "angle": -0.5415721046472177,
      "arrowType": "triangle",
      "id": "line_1765536163855"
    },
    {
      "type": "line",
      "x1": 331.87544782103345,
      "y1": 600.3091085645887,
      "x2": 380.5206466646068,
      "y2": 601.9035900822392,
      "angle": 0.03276604671307275,
      "arrowType": "triangle",
      "id": "line_1765536195801"
    },
    {
      "type": "line",
      "x1": 918.1124595256365,
      "y1": 729.4621114942763,
      "x2": 898.7791112672933,
      "y2": 747.0014081884314,
      "angle": 2.40481150320967,
      "arrowType": "triangle",
      "id": "line_1765536216942"
    },
    {
      "type": "line",
      "x1": 899.4027676627236,
      "y1": 560.4470706233272,
      "x2": 905.0156752215975,
      "y2": 542.9077739291721,
      "angle": -1.2610761798010932,
      "arrowType": "triangle",
      "id": "line_1765536221210"
    },
    {
      "type": "number",
      "x": 257.03668036938194,
      "y": 603.4980715998897,
      "strokeNumber": 3,
      "size": "small",
      "id": "number_1765536233318"
    },
    {
      "type": "number",
      "x": 262.6495879282558,
      "y": 469.56162411725086,
      "strokeNumber": 1,
      "size": "small",
      "id": "number_1765536247690"
    },
    {
      "type": "number",
      "x": 313.7894123535509,
      "y": 365.92032546997075,
      "strokeNumber": 2,
      "size": "small",
      "id": "number_1765536262173"
    }
  ],
  "exportDate": "2025-12-12T10:44:25.743Z"
}
