{
  "svgViewBox": {
    "x": 0,
    "y": 0,
    "width": 200,
    "height": 200
  },
  "svgBounds": {
    "x": 100,
    "y": 244.86000061035156,
    "width": 526.5499877929688,
    "height": 599.7999877929688
  },
  "svgPath": "M 467.85 844.66 Q 425.53 844.66 395.42 826.75 Q 365.31 808.85 337.64 777.11 Q 314.85 807.22 288.81 825.94 Q 262.77 844.66 218.82 844.66 Q 175.69 844.66 149.64 826.75 Q 123.60 808.85 111.80 780.77 Q 100.00 752.70 100.00 722.58 Q 100.00 669.68 133.37 637.54 Q 166.73 605.39 214.75 605.39 Q 244.05 605.39 266.84 615.56 Q 289.62 625.74 311.60 647.30 Q 333.57 668.87 359.61 703.87 Q 381.59 732.35 398.68 749.44 Q 415.77 766.53 432.86 773.45 Q 449.95 780.37 471.92 780.37 Q 515.06 780.37 537.03 754.32 Q 559.00 728.28 559.00 678.64 Q 559.00 616.79 526.45 574.87 Q 493.90 532.96 438.56 510.99 Q 383.21 489.01 314.04 489.01 H 274.16 L 341.71 427.98 Q 432.04 433.67 495.93 466.63 Q 559.82 499.59 593.18 553.71 Q 626.55 607.83 626.55 677.01 Q 626.55 725.03 609.46 763.28 Q 592.37 801.53 556.97 823.09 Q 521.57 844.66 467.85 844.66 Z M 163.48 724.21 Q 163.48 749.44 179.35 766.53 Q 195.22 783.62 222.89 783.62 Q 248.93 783.62 266.84 768.97 Q 284.74 754.32 297.76 726.65 Q 274.16 694.91 257.48 680.67 Q 240.79 666.43 216.38 666.43 Q 193.59 666.43 178.54 681.08 Q 163.48 695.73 163.48 724.21 Z M 270.91 489.01 Q 247.30 489.01 225.74 480.06 Q 204.17 471.11 186.27 446.29 Q 168.36 421.46 155.34 375.89 L 222.89 353.92 Q 235.10 398.68 246.49 413.33 Q 257.88 427.98 275.79 427.98 Q 292.07 427.98 306.31 417.80 Q 320.55 407.63 346.59 375.08 L 371.82 342.52 Q 399.49 306.71 422.69 285.55 Q 445.88 264.39 471.92 254.63 Q 497.97 244.86 533.77 244.86 L 538.66 307.53 Q 510.17 309.16 491.05 316.48 Q 471.92 323.80 456.05 339.67 Q 440.18 355.54 419.02 382.40 L 400.31 406.82 Q 366.12 450.76 336.83 469.89 Q 307.53 489.01 270.91 489.01 Z",
  "centerlinePath": "M 320.98 709.21 L 297.17 677.72 L 260.21 651.13 L 212.59 638.53 L 166.23 650.43 L 139.28 685.42 L 135.52 730.91 L 146.18 774.99 L 173.74 801.59 L 216.35 812.78 L 258.95 804.39 L 297.17 779.19 L 319.10 750.50 L 329.75 719.71 L 350.43 752.60 L 378.63 778.49 L 413.71 800.19 L 455.06 812.78 L 498.92 812.78 L 535.26 800.19 L 565.34 775.69 L 582.25 739.30 L 590.40 695.92 L 592.28 650.43 L 581.00 604.94 L 557.19 564.35 L 530.25 532.16 L 495.79 506.27 L 450.05 485.28 L 405.57 469.88 L 364.84 462.88 L 338.53 458.68M 189.41 376.11 L 203.19 410.40 L 225.75 438.39 L 260.21 457.98 L 298.43 458.68 L 331.01 442.59 L 355.44 414.60 L 377.37 388.70 L 400.55 357.21 L 428.75 326.42 L 460.70 297.73 L 490.15 283.03 L 522.11 275.34",
  "items": [
    {
      "type": "line",
      "x1": 135.65314695795146,
      "y1": 709.5314379126937,
      "x2": 138.68473648432482,
      "y2": 741.7429187386124,
      "angle": 1.476957553089568,
      "arrowType": "triangle",
      "id": "line_1765463543323"
    },
    {
      "type": "line",
      "x1": 258.93778769713464,
      "y1": 802.8336582360444,
      "x2": 278.1378546974993,
      "y2": 790.615510336558,
      "angle": -0.566726379541081,
      "arrowType": "triangle",
      "id": "line_1765463579971"
    },
    {
      "type": "line",
      "x1": 589.3810460718306,
      "y1": 702.8669936038829,
      "x2": 589.8863109928928,
      "y2": 688.4273642681263,
      "angle": -1.5358190539123158,
      "arrowType": "triangle",
      "id": "line_1765463588815"
    },
    {
      "type": "line",
      "x1": 459.52796135883847,
      "y1": 301.3342239980344,
      "x2": 473.6753791485808,
      "y2": 293.55903897108857,
      "angle": -0.5025232570121415,
      "arrowType": "triangle",
      "id": "line_1765463634924"
    },
    {
      "type": "number",
      "x": 170.51642651124507,
      "y": 652.3282909287346,
      "strokeNumber": 1,
      "size": "medium",
      "id": "number_1765463665098"
    },
    {
      "type": "number",
      "x": 402.93829019986913,
      "y": 354.09440810945296,
      "strokeNumber": 2,
      "size": "medium",
      "id": "number_1765463689635"
    }
  ],
  "exportDate": "2025-12-11T14:35:13.536Z"
}
