{
  "svgViewBox": {
    "x": 0,
    "y": 0,
    "width": 200,
    "height": 200
  },
  "svgBounds": {
    "x": 100,
    "y": 100,
    "width": 800,
    "height": 525.969970703125
  },
  "svgPath": "M 142.54 466.46 100.00 509.00 C 126.18 535.99 176.07 571.17 247.24 571.17 C 342.13 571.17 401.02 509.82 401.02 432.11 C 401.02 424.74 400.20 418.20 399.39 411.66 C 416.56 419.84 437.01 424.74 460.74 424.74 C 484.46 424.74 502.45 419.02 515.54 413.29 V 625.97 H 577.71 V 153.17 H 739.67 V 625.97 H 801.02 V 153.17 H 900.00 V 100.82 H 428.02 V 153.17 H 515.54 V 354.40 C 500.82 363.39 477.91 371.57 445.19 371.57 C 412.47 371.57 387.12 362.58 367.48 351.12 C 352.76 338.04 335.58 329.04 319.22 324.95 V 321.68 C 345.40 308.59 377.30 272.60 377.30 221.88 C 377.30 153.99 328.22 100.00 245.60 100.00 C 191.62 100.00 151.53 123.72 129.45 152.35 L 172.80 191.62 C 186.71 171.98 208.79 155.62 243.97 155.62 C 288.14 155.62 315.13 183.44 315.13 225.97 C 315.13 275.05 280.78 305.32 230.06 305.32 H 204.70 V 360.12 H 248.88 C 306.95 360.12 338.85 387.12 338.85 432.92 C 338.85 478.73 308.59 516.36 247.24 516.36 C 196.52 516.36 162.17 489.37 142.54 466.46 Z",
  "centerlinePath": "M 176.45 148.28 L 211.55 131.38 L 255.65 128.87 L 296.15 138.89 L 325.85 165.80 L 342.05 204.61 L 343.85 245.30 L 324.95 280.98 L 296.15 311.03 L 259.25 321.67 L 225.05 331.69 L 279.05 335.44 L 309.65 346.71 L 340.25 364.86 L 363.65 392.41 L 369.95 428.71 L 363.65 467.52 L 346.55 502.58 L 311.45 528.87 L 268.25 541.39 L 224.15 541.39 L 181.85 530.12 L 145.85 508.84M 363.65 377.38 L 396.95 388.02 L 434.75 396.16 L 476.15 396.16 L 512.15 388.02 L 540.05 371.75M 450.05 125.74 L 493.25 126.99 L 537.35 126.99 L 586.85 126.99 L 635.45 126.99 L 691.25 126.99 L 742.55 126.99 L 793.85 126.99 L 850.55 126.37 L 891.05 126.37M 547.25 137.64 L 547.25 171.44 L 547.25 213.38 L 547.25 244.68 L 547.25 292.25 L 547.25 336.07 L 548.15 391.15 L 547.25 439.98 L 547.25 488.80 L 547.25 540.13 L 549.05 579.57 L 549.05 612.12M 770.45 129.50 L 771.35 166.43 L 771.35 214.00 L 771.35 268.46 L 772.25 312.28 L 771.35 348.59 L 771.35 389.28 L 770.45 439.98 L 771.35 481.29 L 771.35 525.11 L 772.25 571.43 L 772.25 614.62",
  "items": [
    {
      "type": "number",
      "x": 657.9023612921917,
      "y": 128.67942979600693,
      "strokeNumber": 5,
      "size": "small",
      "id": "number_1765701174665"
    },
    {
      "type": "number",
      "x": 294.00260756192955,
      "y": 137.56831868489581,
      "strokeNumber": 1,
      "size": "small",
      "id": "number_1765701185271"
    },
    {
      "type": "number",
      "x": 322.3960596841953,
      "y": 515.3460964626736,
      "strokeNumber": 1,
      "size": "small",
      "id": "number_1765701186687"
    },
    {
      "type": "number",
      "x": 503.18702013617263,
      "y": 389.42017053674766,
      "strokeNumber": 2,
      "size": "small",
      "id": "number_1765701192819"
    },
    {
      "type": "number",
      "x": 543.7490945965523,
      "y": 287.19794831452543,
      "strokeNumber": 3,
      "size": "small",
      "id": "number_1765701198257"
    },
    {
      "type": "number",
      "x": 770.3172533681008,
      "y": 296.08683720341435,
      "strokeNumber": 4,
      "size": "small",
      "id": "number_1765701203585"
    },
    {
      "type": "line",
      "x1": 544.328552803129,
      "y1": 459.0498001663772,
      "x2": 546.0669274228596,
      "y2": 513.8646149811922,
      "angle": 1.539093361349002,
      "arrowType": "triangle",
      "id": "line_1765701250327"
    },
    {
      "type": "line",
      "x1": 527.5242648124004,
      "y1": 127.19794831452545,
      "x2": 562.8712154135882,
      "y2": 127.19794831452545,
      "angle": 0,
      "arrowType": "triangle",
      "id": "line_1765701265239"
    },
    {
      "type": "line",
      "x1": 343.25655512096193,
      "y1": 232.38313349971068,
      "x2": 328.1906417499638,
      "y2": 263.49424461082174,
      "angle": 2.0217740484860585,
      "arrowType": "triangle",
      "id": "line_1765701473289"
    },
    {
      "type": "line",
      "x1": 398.3050847457627,
      "y1": 386.45720757378473,
      "x2": 423.22178762856726,
      "y2": 390.9016520182292,
      "angle": 0.17651567379691427,
      "arrowType": "triangle",
      "id": "line_1765701495045"
    },
    {
      "type": "line",
      "x1": 772.6350861944082,
      "y1": 467.93868905526614,
      "x2": 772.0556279878314,
      "y2": 516.8275779441551,
      "angle": 1.5826483260394881,
      "arrowType": "triangle",
      "id": "line_1765701534910"
    },
    {
      "type": "line",
      "x1": 224.46762277270753,
      "y1": 539.0498001663774,
      "x2": 190.85904679125017,
      "y2": 527.1979483145254,
      "angle": -2.802564608482821,
      "arrowType": "triangle",
      "id": "line_1765701574058"
    }
  ],
  "exportDate": "2025-12-14T08:39:37.448Z"
}
