{
  "svgViewBox": {
    "x": 0,
    "y": 0,
    "width": 200,
    "height": 200
  },
  "svgBounds": {
    "x": 100,
    "y": 100,
    "width": 850.7999877929688,
    "height": 729.6500244140625
  },
  "svgPath": "M 159.01 608.37 100.00 667.38 C 136.31 704.82 205.53 753.62 304.26 753.62 C 435.89 753.62 517.59 668.51 517.59 560.71 C 517.59 550.50 516.45 541.42 515.32 532.34 C 539.15 543.69 567.52 550.50 600.43 550.50 C 633.33 550.50 658.30 542.55 676.45 534.61 V 829.65 H 762.70 V 173.76 H 900.00 V 101.13 H 555.04 V 173.76 H 676.45 V 452.91 C 656.03 465.39 624.26 476.74 578.87 476.74 C 533.48 476.74 498.30 464.26 471.06 448.37 C 450.64 430.21 426.81 417.73 404.11 412.06 V 407.52 C 440.43 389.36 484.68 339.43 484.68 269.08 C 484.68 174.89 416.60 100.00 301.99 100.00 C 227.09 100.00 171.49 132.91 140.85 172.62 L 200.99 227.09 C 220.28 199.86 250.92 177.16 299.72 177.16 C 360.99 177.16 398.44 215.74 398.44 274.75 C 398.44 342.84 350.78 384.82 280.43 384.82 H 245.25 V 460.85 H 306.52 C 387.09 460.85 431.35 498.30 431.35 561.84 C 431.35 625.39 389.36 677.59 304.26 677.59 C 233.90 677.59 186.24 640.14 159.01 608.37 Z M 823.71 321.28 C 823.71 355.32 850.94 382.55 887.25 382.55 C 924.70 382.55 950.80 355.32 950.80 321.28 C 950.80 282.70 924.70 254.33 887.25 254.33 C 850.94 254.33 823.71 282.70 823.71 321.28 Z M 823.71 677.59 C 823.71 712.77 850.94 740.00 887.25 740.00 C 924.70 740.00 950.80 712.77 950.80 677.59 C 950.80 639.01 924.70 611.77 887.25 611.77 C 850.94 611.77 823.71 639.01 823.71 677.59 Z",
  "centerlinePath": "M 562.96 135.45 L 890.98 135.45M 718.89 134.62 L 720.79 810.79M 191.19 177.77 L 231.13 152.05 L 275.82 137.11 L 326.21 138.77 L 374.70 152.05 L 409.88 176.11 L 429.84 217.59 L 439.35 262.39 L 436.50 305.53 L 416.53 342.04 L 385.16 375.22 L 336.67 395.13 L 299.58 410.90 L 265.36 421.68 L 302.44 429.98 L 346.17 434.13 L 393.71 441.59 L 439.35 466.48 L 466.93 505.48 L 476.43 554.43 L 465.98 605.04 L 442.20 650.67 L 403.22 690.49 L 343.32 712.06 L 281.52 713.72 L 221.62 700.45 L 169.33 672.24 L 144.60 653.16M 458.37 486.40 L 505.91 500.50 L 554.40 510.46 L 605.74 514.60 L 656.14 505.48 L 695.12 492.20 L 718.89 474.78",
  "items": [
    {
      "type": "number",
      "x": 348.2270281638475,
      "y": 143.16550293321964,
      "strokeNumber": 1,
      "size": "medium",
      "id": "number_1765972354578"
    },
    {
      "type": "number",
      "x": 404.3061234044386,
      "y": 686.7321618009497,
      "strokeNumber": 1,
      "size": "medium",
      "id": "number_1765972358283"
    },
    {
      "type": "number",
      "x": 581.7872160340019,
      "y": 510.2699421105562,
      "strokeNumber": 2,
      "size": "medium",
      "id": "number_1765972370792"
    },
    {
      "type": "number",
      "x": 721.0605734447008,
      "y": 269.20994556921505,
      "strokeNumber": 3,
      "size": "medium",
      "id": "number_1765972402126"
    },
    {
      "type": "number",
      "x": 632.9362809237718,
      "y": 136.8632808014199,
      "strokeNumber": 4,
      "size": "medium",
      "id": "number_1765972436641"
    },
    {
      "type": "number",
      "x": 887.4490977849163,
      "y": 319.6277226236131,
      "strokeNumber": 5,
      "size": "medium",
      "id": "number_1765972441975"
    },
    {
      "type": "number",
      "x": 888.0653515787689,
      "y": 678.8543841362,
      "strokeNumber": 6,
      "size": "medium",
      "id": "number_1765972446557"
    }
  ],
  "exportDate": "2025-12-17T11:54:09.792Z"
}
