{
  "svgViewBox": {
    "x": 0,
    "y": 0,
    "width": 200,
    "height": 200
  },
  "svgBounds": {
    "x": 100,
    "y": 100,
    "width": 451.41998291015625,
    "height": 800
  },
  "svgPath": "M 433.66 152.60 C 452.50 152.60 472.13 158.88 485.48 167.52 L 505.89 118.84 C 492.54 110.21 468.20 100.00 428.95 100.00 C 369.28 100.00 313.54 140.82 313.54 206.77 C 313.54 251.52 338.67 283.71 363.79 299.41 V 302.55 H 100.00 V 352.80 H 381.06 V 432.09 H 263.30 C 206.77 432.09 173.01 465.06 173.01 512.95 C 173.01 574.19 219.33 625.22 275.07 642.49 L 396.76 617.37 C 406.18 623.65 418.74 638.57 418.74 664.47 C 418.74 716.29 366.93 739.84 312.76 739.84 H 286.06 L 184.00 669.97 C 173.01 676.25 161.24 690.38 161.24 710.79 C 161.24 747.69 196.57 786.16 278.21 788.52 L 402.26 900.00 L 465.85 866.24 L 342.59 784.59 V 781.45 C 407.75 779.88 476.84 743.77 476.84 663.69 C 476.84 605.59 439.94 571.05 417.17 560.06 L 284.49 587.54 C 257.02 580.47 234.25 553.78 234.25 526.30 C 234.25 501.18 245.24 483.12 290.78 483.12 H 439.16 V 352.80 H 551.42 V 302.55 H 436.80 C 398.33 286.85 371.64 251.52 371.64 213.05 C 371.64 178.51 395.98 152.60 433.66 152.60 Z",
  "centerlinePath": "M 128.58 328.10 L 184.27 329.00 L 234.45 328.10 L 286.28 328.10 L 339.77 328.10 L 396.02 329.00 L 457.78 328.10 L 517.88 329.00M 409.25 336.20 L 409.80 385.70 L 408.70 438.80 L 409.25 456.80 L 362.38 457.70 L 306.13 456.80 L 256.51 457.70 L 219.01 474.80 L 206.33 512.60 L 215.70 554.00 L 243.82 590.90 L 280.77 613.40 L 320.47 607.10 L 359.07 598.10 L 394.91 592.70 L 424.69 601.70 L 445.64 634.10 L 445.64 678.20 L 431.31 716.90 L 399.32 743.00 L 356.87 759.20 L 320.47 773.60 L 280.22 777.20 L 236.10 771.80 L 203.02 755.60 L 177.65 731.30 L 172.14 695.30 L 182.62 680.90 L 211.84 702.50 L 245.48 727.70 L 284.08 754.70 L 325.43 788.00 L 355.76 821.30 L 385.54 848.30 L 411.46 872.60M 403.74 314.60 L 384.99 291.20 L 361.28 262.40 L 346.39 230.90 L 346.94 191.30 L 361.83 155.30 L 399.88 132.80 L 444.54 128.30 L 482.59 136.40",
  "items": [
    {
      "type": "line",
      "x1": 312.0927236005221,
      "y1": 455.3240740740741,
      "x2": 286.59656251114075,
      "y2": 456.80555555555554,
      "angle": 3.08355185560044,
      "arrowType": "triangle",
      "id": "line_1765705552655"
    },
    {
      "type": "line",
      "x1": 349.7575070280174,
      "y1": 760.5092592592592,
      "x2": 325.4202623517897,
      "y2": 767.9166666666666,
      "angle": 2.8461360258919846,
      "arrowType": "triangle",
      "id": "line_1765705559070"
    },
    {
      "type": "line",
      "x1": 208.36970462326582,
      "y1": 702.7314814814814,
      "x2": 244.29611343103065,
      "y2": 726.4351851851851,
      "angle": 0.5832231915675821,
      "arrowType": "triangle",
      "id": "line_1765705568987"
    },
    {
      "type": "line",
      "x1": 372.9358352910914,
      "y1": 148.6574074074074,
      "x2": 410.60061871858665,
      "y2": 136.80555555555554,
      "angle": -0.3048575517037907,
      "arrowType": "triangle",
      "id": "line_1765705579664"
    },
    {
      "type": "number",
      "x": 159.11575706423355,
      "y": 327.9166666666667,
      "strokeNumber": 2,
      "size": "medium",
      "id": "number_1765705670571"
    },
    {
      "type": "number",
      "x": 344.54238316882584,
      "y": 216.80555555555554,
      "strokeNumber": 3,
      "size": "medium",
      "id": "number_1765705678175"
    },
    {
      "type": "number",
      "x": 224.59453440741765,
      "y": 578.287037037037,
      "strokeNumber": 1,
      "size": "medium",
      "id": "number_1765705684945"
    }
  ],
  "exportDate": "2025-12-14T09:48:10.466Z"
}
