{
  "svgViewBox": {
    "x": 0,
    "y": 0,
    "width": 200,
    "height": 200
  },
  "svgBounds": {
    "x": 100,
    "y": 100,
    "width": 800,
    "height": 614.3499755859375
  },
  "svgPath": "M 711.48 589.00 H 715.31 V 714.35 H 784.21 V 161.24 H 900.00 V 100.00 H 100.00 V 161.24 H 346.89 V 320.10 C 346.89 361.24 326.79 376.56 299.04 376.56 C 263.64 376.56 245.45 357.42 233.01 333.49 L 169.86 355.50 C 189.00 543.06 300.00 686.60 489.47 686.60 C 593.78 686.60 670.33 639.71 711.48 589.00 Z M 714.35 275.12 H 710.53 C 693.30 257.89 666.51 242.58 617.70 242.58 C 536.36 242.58 470.33 303.83 470.33 389.95 C 470.33 478.95 539.23 528.71 605.26 533.49 L 643.54 482.78 C 578.47 479.90 538.28 442.58 538.28 390.91 C 538.28 340.19 574.64 305.74 625.36 305.74 C 673.21 305.74 717.22 343.06 717.22 411.00 C 717.22 544.02 612.92 622.49 491.39 622.49 C 376.56 622.49 284.69 550.72 257.89 425.36 C 269.38 431.10 284.69 435.89 310.53 435.89 C 370.81 435.89 417.70 393.78 417.70 317.22 V 161.24 H 714.35 Z",
  "centerlinePath": "M 108.05 127.86 L 153.05 128.58 L 210.65 128.58 L 258.35 129.29 L 319.55 130.72 L 381.65 130.72 L 447.35 131.44 L 513.05 131.44 L 582.35 132.15 L 651.65 132.15 L 711.05 132.86 L 765.05 132.86 L 819.05 133.58 L 873.05 132.86M 354.65 132.86 L 380.75 158.58 L 383.45 195.73 L 383.45 249.30 L 382.55 298.59 L 377.15 353.60 L 350.15 388.60 L 305.15 403.60 L 261.05 396.46 L 216.95 371.46 L 200.75 361.46 L 212.45 405.03 L 225.95 450.04 L 244.85 497.18 L 272.75 540.76 L 305.15 582.91 L 343.85 614.34 L 394.25 635.77 L 441.05 648.63 L 492.35 655.05 L 542.75 651.48 L 588.65 636.48 L 630.05 618.62 L 666.95 595.05 L 700.25 565.76 L 723.65 532.19 L 742.55 497.18 L 750.65 472.18M 746.15 138.58 L 747.95 177.15 L 747.95 218.59 L 747.95 274.31 L 747.95 320.74 L 748.85 366.46 L 749.75 417.18 L 750.65 452.18 L 750.65 516.47 L 752.45 572.90 L 752.45 627.91 L 752.45 689.34M 739.85 335.74 L 709.25 307.88 L 672.35 283.59 L 628.25 275.73 L 585.95 277.88 L 549.05 295.02 L 519.35 329.31 L 504.95 370.74 L 508.55 416.46 L 525.65 453.61 L 561.65 485.75 L 601.25 505.04",
  "items": [
    {
      "type": "line",
      "x1": 473.6346516007533,
      "y1": 651.3879507559318,
      "x2": 490.4389395914819,
      "y2": 652.8694322374132,
      "angle": 0.0879335730374328,
      "arrowType": "triangle",
      "id": "line_1765802303407"
    },
    {
      "type": "line",
      "x1": 751.7745907576415,
      "y1": 329.9064692744503,
      "x2": 750.6156743444878,
      "y2": 369.9064692744502,
      "angle": 1.5997611342988682,
      "arrowType": "triangle",
      "id": "line_1765802312501"
    },
    {
      "type": "line",
      "x1": 519.4118499203245,
      "y1": 439.53609890407984,
      "x2": 534.4777632913226,
      "y2": 457.3138766818576,
      "angle": 0.8677800939891378,
      "arrowType": "triangle",
      "id": "line_1765802327529"
    },
    {
      "type": "line",
      "x1": 506.66376937563376,
      "y1": 129.90646927445025,
      "x2": 541.4312617702448,
      "y2": 131.3879507559317,
      "angle": 0.042585349409450565,
      "arrowType": "triangle",
      "id": "line_1765802334457"
    },
    {
      "type": "number",
      "x": 750.6156743444878,
      "y": 230.64721001519098,
      "strokeNumber": 2,
      "size": "small",
      "id": "number_1765802402700"
    },
    {
      "type": "number",
      "x": 753.5129653773721,
      "y": 645.4620248300058,
      "strokeNumber": 2,
      "size": "small",
      "id": "number_1765802412148"
    },
    {
      "type": "number",
      "x": 378.6035057221498,
      "y": 275.09165445963544,
      "strokeNumber": 1,
      "size": "small",
      "id": "number_1765802417469"
    },
    {
      "type": "number",
      "x": 556.4971751412429,
      "y": 294.3509137188947,
      "strokeNumber": 3,
      "size": "small",
      "id": "number_1765802424549"
    },
    {
      "type": "number",
      "x": 225.62653918586122,
      "y": 126.94350631148728,
      "strokeNumber": 4,
      "size": "small",
      "id": "number_1765802428915"
    },
    {
      "type": "line",
      "x1": 333.9852238157323,
      "y1": 393.61017297815397,
      "x2": 306.7506881066203,
      "y2": 396.5731359411169,
      "angle": 3.0332245418921873,
      "arrowType": "triangle",
      "id": "line_1765802438704"
    }
  ],
  "exportDate": "2025-12-15T12:40:41.670Z"
}
