{
  "svgViewBox": {
    "x": 0,
    "y": 0,
    "width": 200,
    "height": 200
  },
  "svgBounds": {
    "x": 100,
    "y": 100,
    "width": 800,
    "height": 744.3800048828125
  },
  "svgPath": "M 577.71 844.38 V 371.57 H 739.67 V 844.38 H 801.02 V 371.57 H 900.00 V 319.22 H 793.66 L 616.16 100.00 L 545.81 116.36 L 612.88 193.25 C 642.33 227.61 697.14 284.87 736.40 319.22 H 428.02 V 371.57 H 515.54 V 572.80 C 500.82 581.80 477.91 589.98 445.19 589.98 C 412.47 589.98 387.12 580.98 367.48 569.53 C 352.76 556.44 335.58 547.44 319.22 543.35 V 540.08 C 345.40 526.99 377.30 491.00 377.30 440.29 C 377.30 372.39 328.22 318.40 245.60 318.40 C 191.62 318.40 151.53 342.13 129.45 370.76 L 172.80 410.02 C 186.71 390.39 208.79 374.03 243.97 374.03 C 288.14 374.03 315.13 401.84 315.13 444.38 C 315.13 493.46 280.78 523.72 230.06 523.72 H 204.70 V 578.53 H 248.88 C 306.95 578.53 338.85 605.52 338.85 651.33 C 338.85 697.14 308.59 734.76 247.24 734.76 C 196.52 734.76 162.17 707.77 142.54 684.87 L 100.00 727.40 C 126.18 754.40 176.07 789.57 247.24 789.57 C 342.13 789.57 401.02 728.22 401.02 650.51 C 401.02 643.15 400.20 636.61 399.39 630.06 C 416.56 638.24 437.01 643.15 460.74 643.15 C 484.46 643.15 502.45 637.42 515.54 631.70 V 844.38 Z",
  "centerlinePath": "M 439.25 345.53 L 494.15 346.38 L 550.85 347.22 L 602.15 347.22 L 656.15 346.38 L 711.95 347.22 L 765.05 348.07 L 826.25 348.91 L 885.65 348.91M 544.55 359.89 L 545.45 400.42 L 546.35 450.24 L 547.25 500.05 L 547.25 553.25 L 546.35 595.47 L 548.15 636.84 L 549.05 688.35 L 549.05 727.19 L 548.15 773.63 L 547.25 825.14M 772.25 355.67 L 774.05 398.73 L 773.15 447.70 L 772.25 498.37 L 773.15 547.34 L 773.15 601.38 L 772.25 650.35 L 773.15 701.86 L 773.15 755.06 L 772.25 805.72 L 773.15 838.65M 162.95 380.15 L 193.55 359.89 L 229.55 347.22 L 271.85 348.07 L 304.25 360.73 L 325.85 383.53 L 340.25 415.62 L 341.15 457.84 L 327.65 496.68 L 302.45 527.07 L 261.95 541.43 L 224.15 549.03 L 263.75 555.78 L 300.65 563.38 L 338.45 587.87 L 367.25 621.65 L 369.05 666.40 L 360.05 705.24 L 328.55 739.86 L 286.25 759.28 L 236.75 762.66 L 197.15 757.59 L 159.35 739.86 L 133.25 718.75M 362.75 600.54 L 404.15 608.14 L 446.45 617.42 L 490.55 614.05 L 525.65 603.91M 792.05 348.07 L 766.85 321.89 L 746.15 297.40 L 720.95 272.07 L 693.95 241.67 L 667.85 209.59 L 639.95 178.35 L 607.55 142.04 L 583.25 116.71",
  "items": [
    {
      "type": "number",
      "x": 320.07822685788784,
      "y": 378.6251876265914,
      "strokeNumber": 1,
      "size": "small",
      "id": "number_1765787376237"
    },
    {
      "type": "number",
      "x": 315.442561205273,
      "y": 743.0696320710358,
      "strokeNumber": 1,
      "size": "small",
      "id": "number_1765787379794"
    },
    {
      "type": "number",
      "x": 440.02607561929597,
      "y": 615.6622246636285,
      "strokeNumber": 2,
      "size": "small",
      "id": "number_1765787390841"
    },
    {
      "type": "number",
      "x": 543.1696363899754,
      "y": 467.5140765154804,
      "strokeNumber": 3,
      "size": "small",
      "id": "number_1765787400163"
    },
    {
      "type": "number",
      "x": 770.8967115746776,
      "y": 470.47703947844326,
      "strokeNumber": 4,
      "size": "small",
      "id": "number_1765787405236"
    },
    {
      "type": "number",
      "x": 591.264667535854,
      "y": 346.0325950339989,
      "strokeNumber": 5,
      "size": "small",
      "id": "number_1765787426804"
    },
    {
      "type": "number",
      "x": 718.1660147761843,
      "y": 268.99555799696185,
      "strokeNumber": 6,
      "size": "small",
      "id": "number_1765787433191"
    },
    {
      "type": "line",
      "x1": 340.3592640880776,
      "y1": 449.73629873770255,
      "x2": 332.8263074025786,
      "y2": 473.4400024414063,
      "angle": 1.878499274004011,
      "arrowType": "triangle",
      "id": "line_1765787450955"
    },
    {
      "type": "line",
      "x1": 235.4773286976677,
      "y1": 762.3288913302952,
      "x2": 198.97146168332608,
      "y2": 751.9585209599247,
      "angle": -2.8648100727983223,
      "arrowType": "triangle",
      "id": "line_1765787457021"
    },
    {
      "type": "line",
      "x1": 494.49514703751987,
      "y1": 611.2177802191841,
      "x2": 510.1405186150949,
      "y2": 609.7362987377027,
      "angle": -0.09440985571351522,
      "arrowType": "triangle",
      "id": "line_1765787464093"
    },
    {
      "type": "line",
      "x1": 548.384760249167,
      "y1": 535.6622246636285,
      "x2": 547.8053020425901,
      "y2": 554.9214839228878,
      "angle": 1.6008745060002525,
      "arrowType": "triangle",
      "id": "line_1765787469347"
    },
    {
      "type": "line",
      "x1": 774.3734608141388,
      "y1": 551.9585209599247,
      "x2": 773.2145444009851,
      "y2": 584.5511135525174,
      "angle": 1.6063390150834356,
      "arrowType": "triangle",
      "id": "line_1765787472577"
    },
    {
      "type": "line",
      "x1": 663.1174851513834,
      "y1": 344.5511135525174,
      "x2": 688.6136462407649,
      "y2": 346.0325950339989,
      "angle": 0.05804079798935523,
      "arrowType": "triangle",
      "id": "line_1765787478204"
    },
    {
      "type": "line",
      "x1": 665.4353179776908,
      "y1": 211.21778021918405,
      "x2": 642.2569897146169,
      "y2": 183.0696320710359,
      "angle": -2.25966779744815,
      "arrowType": "triangle",
      "id": "line_1765787482096"
    }
  ],
  "exportDate": "2025-12-15T08:31:24.417Z"
}
