{
  "svgViewBox": {
    "x": 0,
    "y": 0,
    "width": 200,
    "height": 200
  },
  "svgBounds": {
    "x": 100,
    "y": 100,
    "width": 800,
    "height": 591.7100219726562
  },
  "svgPath": "M 608.76 400.46 C 624.42 391.24 638.25 382.03 650.23 372.81 C 667.74 390.32 694.47 403.23 729.49 405.07 V 408.76 C 653.92 465.90 621.66 503.69 621.66 553.46 C 621.66 620.74 673.27 666.82 759.91 666.82 C 813.36 666.82 856.68 642.86 877.88 625.35 L 848.39 572.81 C 830.88 588.48 798.62 606.91 759.91 606.91 C 713.82 606.91 689.86 582.95 689.86 554.38 C 689.86 518.43 711.98 491.71 820.74 410.60 L 797.70 357.14 H 770.05 C 735.02 357.14 712.90 345.16 699.08 327.65 C 720.28 300.92 731.34 272.35 731.34 238.25 V 229.03 H 665.90 V 239.17 C 665.90 277.88 649.31 306.45 577.42 349.77 L 530.41 378.34 V 158.99 H 900.00 V 100.00 H 100.00 V 158.99 H 462.21 V 391.24 H 458.53 C 428.11 319.35 371.89 273.27 286.18 273.27 C 220.74 273.27 171.89 300.00 140.55 327.65 L 189.40 381.11 C 216.13 354.38 251.15 338.71 289.86 338.71 C 343.32 338.71 394.93 370.05 421.66 442.86 L 175.58 590.32 L 224.42 639.17 L 463.13 484.33 V 691.71 H 530.41 V 448.39 Z",
  "centerlinePath": "M 120.65 129.55 L 171.95 130.24 L 230.45 130.93 L 282.65 130.93 L 335.75 131.62 L 386.15 130.24 L 443.75 130.24 L 492.35 130.93 L 552.65 130.93 L 606.65 129.55 L 659.75 130.24 L 712.85 130.24 L 766.85 129.55 L 813.65 130.93 L 864.95 130.93 L 890.15 130.93M 492.35 143.38 L 493.25 177.27 L 495.05 219.47 L 495.95 267.20 L 495.95 308.70 L 495.05 341.90 L 495.95 386.86 L 495.95 436.67 L 495.95 492.00 L 496.85 548.72 L 496.85 608.90 L 497.75 658.01M 180.05 341.21 L 216.95 319.77 L 259.25 308.01 L 314.15 306.62 L 361.85 322.53 L 393.35 346.05 L 425.75 379.25 L 452.75 420.76 L 470.75 444.27 L 434.75 468.48 L 394.25 491.31 L 351.95 516.21 L 307.85 545.26 L 257.45 575.01 L 220.55 600.60M 523.85 420.76 L 558.95 398.62 L 592.25 376.49 L 623.75 354.35 L 657.05 328.76 L 680.45 292.79 L 697.55 257.51M 664.25 347.44 L 694.85 364.04 L 738.95 377.18 L 778.55 388.94 L 795.65 394.47 L 757.85 417.30 L 724.55 443.58 L 693.05 479.55 L 660.65 523.13 L 662.45 575.01 L 688.55 617.20 L 738.95 635.88 L 785.75 634.49 L 832.55 620.66 L 853.25 609.59",
  "items": [
    {
      "type": "number",
      "x": 493.3362306243662,
      "y": 275.62352950484666,
      "strokeNumber": 1,
      "size": "small",
      "id": "number_1765730884037"
    },
    {
      "type": "number",
      "x": 314.2836447921194,
      "y": 305.2531591344763,
      "strokeNumber": 2,
      "size": "small",
      "id": "number_1765730894363"
    },
    {
      "type": "number",
      "x": 372.8089236563813,
      "y": 511.17908506040226,
      "strokeNumber": 2,
      "size": "small",
      "id": "number_1765730899996"
    },
    {
      "type": "number",
      "x": 613.2840793857744,
      "y": 358.5864924678096,
      "strokeNumber": 3,
      "size": "small",
      "id": "number_1765730908772"
    },
    {
      "type": "number",
      "x": 696.7260611328408,
      "y": 626.7346406159578,
      "strokeNumber": 3,
      "size": "small",
      "id": "number_1765730911528"
    },
    {
      "type": "number",
      "x": 276.6188613646241,
      "y": 124.51241839373554,
      "strokeNumber": 4,
      "size": "small",
      "id": "number_1765730918435"
    },
    {
      "type": "line",
      "x1": 496.23352165725044,
      "y1": 363.03093691225405,
      "x2": 496.23352165725044,
      "y2": 401.5494554307725,
      "angle": 1.5707963267948966,
      "arrowType": "triangle",
      "id": "line_1765730926297"
    },
    {
      "type": "line",
      "x1": 382.0802549616109,
      "y1": 339.32723320855035,
      "x2": 403.52020860495435,
      "y2": 360.06797394929106,
      "angle": 0.7688230718964842,
      "arrowType": "triangle",
      "id": "line_1765730932296"
    },
    {
      "type": "line",
      "x1": 302.6944806605823,
      "y1": 549.6976035789207,
      "x2": 266.7680718528176,
      "y2": 571.919825801143,
      "angle": 2.5876461581778676,
      "arrowType": "triangle",
      "id": "line_1765730941005"
    },
    {
      "type": "line",
      "x1": 664.8558597711141,
      "y1": 315.62352950484666,
      "x2": 672.9682746631898,
      "y2": 300.8087146900318,
      "angle": -1.0698068211586216,
      "arrowType": "triangle",
      "id": "line_1765730948513"
    },
    {
      "type": "line",
      "x1": 723.9605968419528,
      "y1": 447.47538135669856,
      "x2": 715.2687237432999,
      "y2": 456.3642702455874,
      "angle": 2.3449886309811125,
      "arrowType": "triangle",
      "id": "line_1765730952002"
    },
    {
      "type": "line",
      "x1": 328.1906417499638,
      "y1": 131.91982580114293,
      "x2": 370.4910908300739,
      "y2": 131.91982580114293,
      "angle": 0,
      "arrowType": "triangle",
      "id": "line_1765730973504"
    },
    {
      "type": "line",
      "x1": 651.5283210198464,
      "y1": 133.40130728262443,
      "x2": 708.8946834709545,
      "y2": 130.43834431966147,
      "angle": -0.05160397618486808,
      "arrowType": "triangle",
      "id": "line_1765730977756"
    }
  ],
  "exportDate": "2025-12-14T16:49:39.658Z"
}
