{
  "svgViewBox": {
    "x": 0,
    "y": 0,
    "width": 200,
    "height": 200
  },
  "svgBounds": {
    "x": 100,
    "y": 100,
    "width": 800,
    "height": 591.7100219726562
  },
  "svgPath": "M 608.76 400.46 C 624.42 391.24 638.25 382.03 650.23 372.81 C 667.74 390.32 694.47 403.23 729.49 405.07 V 408.76 C 653.92 465.90 621.66 503.69 621.66 553.46 C 621.66 620.74 673.27 666.82 759.91 666.82 C 813.36 666.82 856.68 642.86 877.88 625.35 L 848.39 572.81 C 830.88 588.48 798.62 606.91 759.91 606.91 C 713.82 606.91 689.86 582.95 689.86 554.38 C 689.86 518.43 711.98 491.71 820.74 410.60 L 797.70 357.14 H 770.05 C 735.02 357.14 712.90 345.16 699.08 327.65 C 720.28 300.92 731.34 272.35 731.34 238.25 V 229.03 H 665.90 V 239.17 C 665.90 277.88 649.31 306.45 577.42 349.77 L 530.41 378.34 V 158.99 H 900.00 V 100.00 H 100.00 V 158.99 H 462.21 V 391.24 H 458.53 C 428.11 319.35 371.89 273.27 286.18 273.27 C 220.74 273.27 171.89 300.00 140.55 327.65 L 189.40 381.11 C 216.13 354.38 251.15 338.71 289.86 338.71 C 343.32 338.71 394.93 370.05 421.66 442.86 L 175.58 590.32 L 224.42 639.17 L 463.13 484.33 V 691.71 H 530.41 V 448.39 Z",
  "centerlinePath": "M 120.65 129.55 L 171.95 130.24 L 230.45 130.93 L 282.65 130.93 L 335.75 131.62 L 386.15 130.24 L 443.75 130.24 L 492.35 130.93 L 552.65 130.93 L 606.65 129.55 L 659.75 130.24 L 712.85 130.24 L 766.85 129.55 L 813.65 130.93 L 864.95 130.93 L 890.15 130.93M 492.35 143.38 L 493.25 177.27 L 495.05 219.47 L 495.95 267.20 L 495.95 308.70 L 495.05 341.90 L 495.95 386.86 L 495.95 436.67 L 495.95 492.00 L 496.85 548.72 L 496.85 608.90 L 497.75 658.01M 180.05 341.21 L 216.95 319.77 L 259.25 308.01 L 314.15 306.62 L 361.85 322.53 L 393.35 346.05 L 425.75 379.25 L 452.75 420.76 L 470.75 444.27 L 434.75 468.48 L 394.25 491.31 L 351.95 516.21 L 307.85 545.26 L 257.45 575.01 L 220.55 600.60M 523.85 420.76 L 558.95 398.62 L 592.25 376.49 L 623.75 354.35 L 657.05 328.76 L 680.45 292.79 L 697.55 257.51M 664.25 347.44 L 694.85 364.04 L 738.95 377.18 L 778.55 388.94 L 795.65 394.47 L 757.85 417.30 L 724.55 443.58 L 693.05 479.55 L 660.65 523.13 L 662.45 575.01 L 688.55 617.20 L 738.95 635.88 L 785.75 634.49 L 832.55 620.66 L 853.25 609.59",
  "items": [
    {
      "type": "number",
      "x": 493.3362306243662,
      "y": 260.8087146900318,
      "strokeNumber": 1,
      "size": "small",
      "id": "number_1765780888949"
    },
    {
      "type": "number",
      "x": 264.4502390265102,
      "y": 314.14204802336513,
      "strokeNumber": 2,
      "size": "small",
      "id": "number_1765780897698"
    },
    {
      "type": "number",
      "x": 587.787918296393,
      "y": 376.3642702455874,
      "strokeNumber": 3,
      "size": "small",
      "id": "number_1765780903720"
    },
    {
      "type": "number",
      "x": 274.30102853831664,
      "y": 128.95686283818,
      "strokeNumber": 4,
      "size": "small",
      "id": "number_1765780923603"
    },
    {
      "type": "line",
      "x1": 495.07460524409674,
      "y1": 339.32723320855035,
      "x2": 495.6540634506736,
      "y2": 374.8827887641059,
      "angle": 1.554500507360044,
      "arrowType": "triangle",
      "id": "line_1765780973198"
    },
    {
      "type": "line",
      "x1": 354.266261045922,
      "y1": 318.58649246780965,
      "x2": 380.9213385484572,
      "y2": 339.32723320855035,
      "angle": 0.6612538366645487,
      "arrowType": "triangle",
      "id": "line_1765780981949"
    },
    {
      "type": "line",
      "x1": 366.4348833840359,
      "y1": 506.7346406159578,
      "x2": 346.733304360423,
      "y2": 520.0679739492912,
      "angle": 2.5466316432327143,
      "arrowType": "triangle",
      "id": "line_1765780989802"
    },
    {
      "type": "line",
      "x1": 634.7240330291178,
      "y1": 348.21612209743927,
      "x2": 654.4256120527307,
      "y2": 324.5124183937356,
      "angle": -0.8773418293396241,
      "arrowType": "triangle",
      "id": "line_1765780997462"
    },
    {
      "type": "line",
      "x1": 667.1736925974213,
      "y1": 577.8457517270689,
      "x2": 682.8190641749964,
      "y2": 597.1050109863281,
      "angle": 0.8885666181190852,
      "arrowType": "triangle",
      "id": "line_1765781004187"
    },
    {
      "type": "line",
      "x1": 551.2820512820513,
      "y1": 131.91982580114293,
      "x2": 586.6290018832391,
      "y2": 130.43834431966147,
      "angle": -0.04188805204958385,
      "arrowType": "triangle",
      "id": "line_1765781019681"
    },
    {
      "type": "number",
      "x": 696.1466029262639,
      "y": 475.6235295048466,
      "strokeNumber": 3,
      "size": "small",
      "id": "number_1765781031621"
    }
  ],
  "exportDate": "2025-12-15T06:44:25.388Z"
}
