{
  "svgViewBox": {
    "x": 0,
    "y": 0,
    "width": 200,
    "height": 200
  },
  "svgBounds": {
    "x": 100,
    "y": 217.5,
    "width": 358.9100036621094,
    "height": 634.989990234375
  },
  "svgPath": "M 257.95 690.69 Q 195.67 690.69 153.61 665.01 Q 111.56 639.33 100.00 589.25 L 155.22 574.48 Q 164.21 604.01 187.00 621.99 Q 209.79 639.97 259.87 639.97 Q 310.59 639.97 330.50 626.81 Q 350.40 613.64 350.40 592.46 Q 350.40 573.19 335.31 561.00 Q 320.22 548.80 279.13 546.23 L 237.40 543.02 Q 204.01 540.45 179.94 534.99 Q 155.86 529.53 140.45 517.34 Q 126.97 507.06 119.58 491.33 Q 112.20 475.60 112.20 453.77 Q 112.20 413.96 146.55 387.96 Q 180.90 361.96 250.24 361.96 Q 292.62 361.96 321.19 369.98 Q 349.76 378.01 368.70 397.59 Q 387.64 417.17 399.20 451.85 L 343.98 465.97 Q 335.63 437.72 315.09 423.92 Q 294.54 410.11 250.24 410.11 Q 201.44 410.11 183.47 422.31 Q 165.49 434.51 165.49 453.13 Q 165.49 470.47 179.94 480.42 Q 194.38 490.37 236.76 493.58 L 286.20 496.79 Q 319.58 499.36 340.45 506.42 Q 361.32 513.48 374.80 524.40 Q 389.57 536.60 396.63 553.93 Q 403.69 571.27 403.69 591.81 Q 403.69 639.97 367.09 665.33 Q 330.50 690.69 257.95 690.69 Z M 329.21 812.68 Q 302.89 812.68 285.55 800.16 Q 268.22 787.64 256.02 765.81 Q 243.18 788.92 226.48 800.80 Q 209.79 812.68 182.83 812.68 Q 143.66 812.68 122.15 787.64 Q 100.64 762.60 100.64 722.15 Q 100.64 710.59 101.61 702.25 Q 102.57 693.90 103.85 687.48 L 148.80 692.62 Q 147.51 697.11 146.87 704.49 Q 146.23 711.88 146.23 718.94 Q 146.23 739.49 156.18 753.29 Q 166.13 767.09 186.04 767.09 Q 206.58 767.09 219.10 752.65 Q 231.62 738.20 234.19 712.52 H 277.85 Q 281.06 737.56 293.58 752.33 Q 306.10 767.09 327.93 767.09 Q 346.55 767.09 356.18 753.61 Q 365.81 740.13 365.81 718.30 Q 365.81 711.24 365.17 704.17 Q 364.53 697.11 363.24 692.62 L 407.54 686.20 Q 409.47 693.90 410.43 702.25 Q 411.40 710.59 411.40 722.15 Q 411.40 756.18 394.70 780.58 Q 395.35 792.78 402.09 799.84 Q 408.83 806.90 422.31 806.90 Q 429.37 806.90 435.47 805.62 Q 441.57 804.33 446.07 802.41 L 458.91 843.50 Q 448.64 847.99 438.68 850.24 Q 428.73 852.49 415.89 852.49 Q 392.78 852.49 376.73 841.57 Q 360.67 830.66 354.90 809.47 Q 342.70 812.68 329.21 812.68 Z M 238.68 410.11 Q 220.06 410.11 203.05 403.05 Q 186.04 395.99 171.91 376.40 Q 157.78 356.82 147.51 320.87 L 200.80 303.53 Q 210.43 338.84 219.42 350.40 Q 228.41 361.96 242.54 361.96 Q 255.38 361.96 266.61 353.93 Q 277.85 345.91 298.39 320.22 L 318.30 294.54 Q 340.13 266.29 358.43 249.60 Q 376.73 232.91 397.27 225.20 Q 417.82 217.50 446.07 217.50 L 449.92 266.93 Q 427.45 268.22 412.36 274.00 Q 397.27 279.78 384.75 292.30 Q 372.23 304.82 355.54 326.00 L 340.77 345.26 Q 313.80 379.94 290.69 395.02 Q 267.58 410.11 238.68 410.11 Z",
  "centerlinePath": "M 369.63 451.94 L 348.98 421.81 L 320.07 400.49 L 280.14 388.00 L 239.76 387.26 L 185.61 392.41 L 149.81 419.60 L 137.42 461.50 L 163.12 496.78 L 205.34 512.95 L 250.77 519.56 L 292.99 525.07 L 337.05 534.63 L 371.93 566.23 L 371.93 611.80 L 343.47 644.88 L 300.34 658.11 L 255.36 663.99 L 203.05 658.11 L 167.25 636.79 L 136.96 605.19M 175.97 321.85 L 189.74 350.51 L 211.77 377.71 L 247.56 382.85 L 277.39 372.56 L 304.01 350.51 L 326.95 321.11 L 352.19 289.51 L 376.06 265.25 L 408.18 251.29 L 437.09 245.41M 125.03 697.06 L 125.95 731.60 L 142.01 769.09 L 178.27 789.67 L 218.65 778.64 L 239.76 751.45 L 251.69 722.78 L 269.59 754.39 L 298.04 781.58 L 328.33 791.87 L 365.50 782.32 L 382.02 752.92 L 389.82 719.11 L 390.74 697.06 L 386.61 735.28 L 376.06 769.82 L 378.35 805.84 L 402.67 826.42 L 435.25 830.09",
  "items": [
    {
      "type": "line",
      "x1": 155.62366265216681,
      "y1": 417.2205206553141,
      "x2": 147.60003376368596,
      "y2": 439.56276105244956,
      "angle": 1.9155759632194156,
      "arrowType": "triangle",
      "id": "line_1765471876730"
    },
    {
      "type": "line",
      "x1": 280.2573647199028,
      "y1": 664.1610724131267,
      "x2": 246.55812338828318,
      "y2": 661.8092576344808,
      "angle": -3.0719172632882947,
      "arrowType": "triangle",
      "id": "line_1765471886950"
    },
    {
      "type": "line",
      "x1": 372.26164264115,
      "y1": 269.64414329528813,
      "x2": 392.5881691586348,
      "y2": 260.23688418070475,
      "angle": -0.43345305585882493,
      "arrowType": "triangle",
      "id": "line_1765471898046"
    },
    {
      "type": "line",
      "x1": 175.95018916965165,
      "y1": 787.0433945973715,
      "x2": 209.11452190870583,
      "y2": 774.1084133148194,
      "angle": -0.3718794064376027,
      "arrowType": "triangle",
      "id": "line_1765471909405"
    },
    {
      "type": "line",
      "x1": 350.33039034596896,
      "y1": 782.3397650400798,
      "x2": 362.6332879749729,
      "y2": 771.7565985361736,
      "angle": -0.7103959603163426,
      "arrowType": "triangle",
      "id": "line_1765471931311"
    },
    {
      "type": "line",
      "x1": 380.28527152963073,
      "y1": 807.033820215861,
      "x2": 402.2165238248118,
      "y2": 817.6169867197672,
      "angle": 0.4495993118413201,
      "arrowType": "triangle",
      "id": "line_1765471947664"
    },
    {
      "type": "number",
      "x": 188.2530867986556,
      "y": 507.1774359385172,
      "strokeNumber": 1,
      "size": "medium",
      "id": "number_1765471955987"
    },
    {
      "type": "number",
      "x": 334.8180411615726,
      "y": 310.21294822692875,
      "strokeNumber": 2,
      "size": "medium",
      "id": "number_1765471961092"
    },
    {
      "type": "number",
      "x": 136.36695331981275,
      "y": 766.4650152842204,
      "strokeNumber": 3,
      "size": "medium",
      "id": "number_1765471968672"
    }
  ],
  "exportDate": "2025-12-11T16:52:55.255Z"
}
